hb,sex,age,year,population
S08000015,All,0-9 years,2017,38393
S08000015,All,0-9 years,2018,37910
S08000015,All,0-9 years,2019,37071
S08000015,All,0-9 years,2020,36382
S08000015,All,0-9 years,2021,35440
S08000015,All,10-19 years,2017,39508
S08000015,All,10-19 years,2018,39072
S08000015,All,10-19 years,2019,39233
S08000015,All,10-19 years,2020,39297
S08000015,All,10-19 years,2021,39758
S08000015,All,20-29 years,2017,41492
S08000015,All,20-29 years,2018,41207
S08000015,All,20-29 years,2019,40802
S08000015,All,20-29 years,2020,40331
S08000015,All,20-29 years,2021,40010
S08000015,All,30-39 years,2017,39152
S08000015,All,30-39 years,2018,39687
S08000015,All,30-39 years,2019,39991
S08000015,All,30-39 years,2020,39840
S08000015,All,30-39 years,2021,40409
S08000015,All,40-49 years,2017,47663
S08000015,All,40-49 years,2018,45770
S08000015,All,40-49 years,2019,44251
S08000015,All,40-49 years,2020,43041
S08000015,All,40-49 years,2021,42118
S08000015,All,50-59 years,2017,57221
S08000015,All,50-59 years,2018,57512
S08000015,All,50-59 years,2019,57455
S08000015,All,50-59 years,2020,57269
S08000015,All,50-59 years,2021,57258
S08000015,All,60-69 years,2017,49771
S08000015,All,60-69 years,2018,49829
S08000015,All,60-69 years,2019,50281
S08000015,All,60-69 years,2020,50794
S08000015,All,60-69 years,2021,51797
S08000015,All,70-79 years,2017,37056
S08000015,All,70-79 years,2018,38232
S08000015,All,70-79 years,2019,39347
S08000015,All,70-79 years,2020,39896
S08000015,All,70-79 years,2021,40640
S08000015,All,80-89 years,2017,16937
S08000015,All,80-89 years,2018,17188
S08000015,All,80-89 years,2019,17563
S08000015,All,80-89 years,2020,17880
S08000015,All,80-89 years,2021,17921
S08000015,All,90 years and over,2017,3217
S08000015,All,90 years and over,2018,3263
S08000015,All,90 years and over,2019,3366
S08000015,All,90 years and over,2020,3260
S08000015,All,90 years and over,2021,3339
S08000015,All,All ages,2017,370410
S08000015,All,All ages,2018,369670
S08000015,All,All ages,2019,369360
S08000015,All,All ages,2020,367990
S08000015,All,All ages,2021,368690
S08000015,Female,0-9 years,2017,18684
S08000015,Female,0-9 years,2018,18448
S08000015,Female,0-9 years,2019,17975
S08000015,Female,0-9 years,2020,17715
S08000015,Female,0-9 years,2021,17209
S08000015,Female,10-19 years,2017,19353
S08000015,Female,10-19 years,2018,19165
S08000015,Female,10-19 years,2019,19305
S08000015,Female,10-19 years,2020,19331
S08000015,Female,10-19 years,2021,19579
S08000015,Female,20-29 years,2017,20623
S08000015,Female,20-29 years,2018,20363
S08000015,Female,20-29 years,2019,20087
S08000015,Female,20-29 years,2020,19733
S08000015,Female,20-29 years,2021,19581
S08000015,Female,30-39 years,2017,20741
S08000015,Female,30-39 years,2018,21055
S08000015,Female,30-39 years,2019,21222
S08000015,Female,30-39 years,2020,21098
S08000015,Female,30-39 years,2021,21322
S08000015,Female,40-49 years,2017,25353
S08000015,Female,40-49 years,2018,24373
S08000015,Female,40-49 years,2019,23553
S08000015,Female,40-49 years,2020,22858
S08000015,Female,40-49 years,2021,22375
S08000015,Female,50-59 years,2017,29947
S08000015,Female,50-59 years,2018,30169
S08000015,Female,50-59 years,2019,30281
S08000015,Female,50-59 years,2020,30318
S08000015,Female,50-59 years,2021,30448
S08000015,Female,60-69 years,2017,25890
S08000015,Female,60-69 years,2018,25951
S08000015,Female,60-69 years,2019,26161
S08000015,Female,60-69 years,2020,26537
S08000015,Female,60-69 years,2021,27086
S08000015,Female,70-79 years,2017,19897
S08000015,Female,70-79 years,2018,20509
S08000015,Female,70-79 years,2019,21113
S08000015,Female,70-79 years,2020,21322
S08000015,Female,70-79 years,2021,21676
S08000015,Female,80-89 years,2017,10043
S08000015,Female,80-89 years,2018,10119
S08000015,Female,80-89 years,2019,10246
S08000015,Female,80-89 years,2020,10391
S08000015,Female,80-89 years,2021,10448
S08000015,Female,90 years and over,2017,2269
S08000015,Female,90 years and over,2018,2302
S08000015,Female,90 years and over,2019,2368
S08000015,Female,90 years and over,2020,2286
S08000015,Female,90 years and over,2021,2290
S08000015,Female,All ages,2017,192800
S08000015,Female,All ages,2018,192454
S08000015,Female,All ages,2019,192311
S08000015,Female,All ages,2020,191589
S08000015,Female,All ages,2021,192014
S08000015,Male,0-9 years,2017,19709
S08000015,Male,0-9 years,2018,19462
S08000015,Male,0-9 years,2019,19096
S08000015,Male,0-9 years,2020,18667
S08000015,Male,0-9 years,2021,18231
S08000015,Male,10-19 years,2017,20155
S08000015,Male,10-19 years,2018,19907
S08000015,Male,10-19 years,2019,19928
S08000015,Male,10-19 years,2020,19966
S08000015,Male,10-19 years,2021,20179
S08000015,Male,20-29 years,2017,20869
S08000015,Male,20-29 years,2018,20844
S08000015,Male,20-29 years,2019,20715
S08000015,Male,20-29 years,2020,20598
S08000015,Male,20-29 years,2021,20429
S08000015,Male,30-39 years,2017,18411
S08000015,Male,30-39 years,2018,18632
S08000015,Male,30-39 years,2019,18769
S08000015,Male,30-39 years,2020,18742
S08000015,Male,30-39 years,2021,19087
S08000015,Male,40-49 years,2017,22310
S08000015,Male,40-49 years,2018,21397
S08000015,Male,40-49 years,2019,20698
S08000015,Male,40-49 years,2020,20183
S08000015,Male,40-49 years,2021,19743
S08000015,Male,50-59 years,2017,27274
S08000015,Male,50-59 years,2018,27343
S08000015,Male,50-59 years,2019,27174
S08000015,Male,50-59 years,2020,26951
S08000015,Male,50-59 years,2021,26810
S08000015,Male,60-69 years,2017,23881
S08000015,Male,60-69 years,2018,23878
S08000015,Male,60-69 years,2019,24120
S08000015,Male,60-69 years,2020,24257
S08000015,Male,60-69 years,2021,24711
S08000015,Male,70-79 years,2017,17159
S08000015,Male,70-79 years,2018,17723
S08000015,Male,70-79 years,2019,18234
S08000015,Male,70-79 years,2020,18574
S08000015,Male,70-79 years,2021,18964
S08000015,Male,80-89 years,2017,6894
S08000015,Male,80-89 years,2018,7069
S08000015,Male,80-89 years,2019,7317
S08000015,Male,80-89 years,2020,7489
S08000015,Male,80-89 years,2021,7473
S08000015,Male,90 years and over,2017,948
S08000015,Male,90 years and over,2018,961
S08000015,Male,90 years and over,2019,998
S08000015,Male,90 years and over,2020,974
S08000015,Male,90 years and over,2021,1049
S08000015,Male,All ages,2017,177610
S08000015,Male,All ages,2018,177216
S08000015,Male,All ages,2019,177049
S08000015,Male,All ages,2020,176401
S08000015,Male,All ages,2021,176676
S08000016,All,0-9 years,2017,11764
S08000016,All,0-9 years,2018,11691
S08000016,All,0-9 years,2019,11548
S08000016,All,0-9 years,2020,11351
S08000016,All,0-9 years,2021,11178
S08000016,All,10-19 years,2017,11997
S08000016,All,10-19 years,2018,12040
S08000016,All,10-19 years,2019,12054
S08000016,All,10-19 years,2020,12012
S08000016,All,10-19 years,2021,12223
S08000016,All,20-29 years,2017,10722
S08000016,All,20-29 years,2018,10731
S08000016,All,20-29 years,2019,10743
S08000016,All,20-29 years,2020,10705
S08000016,All,20-29 years,2021,10737
S08000016,All,30-39 years,2017,10867
S08000016,All,30-39 years,2018,11107
S08000016,All,30-39 years,2019,11173
S08000016,All,30-39 years,2020,11068
S08000016,All,30-39 years,2021,11240
S08000016,All,40-49 years,2017,15096
S08000016,All,40-49 years,2018,14360
S08000016,All,40-49 years,2019,13816
S08000016,All,40-49 years,2020,13502
S08000016,All,40-49 years,2021,13148
S08000016,All,50-59 years,2017,18511
S08000016,All,50-59 years,2018,18699
S08000016,All,50-59 years,2019,18761
S08000016,All,50-59 years,2020,18617
S08000016,All,50-59 years,2021,18682
S08000016,All,60-69 years,2017,16640
S08000016,All,60-69 years,2018,16617
S08000016,All,60-69 years,2019,16808
S08000016,All,60-69 years,2020,16917
S08000016,All,60-69 years,2021,17286
S08000016,All,70-79 years,2017,12595
S08000016,All,70-79 years,2018,13083
S08000016,All,70-79 years,2019,13465
S08000016,All,70-79 years,2020,13747
S08000016,All,70-79 years,2021,14117
S08000016,All,80-89 years,2017,5770
S08000016,All,80-89 years,2018,5918
S08000016,All,80-89 years,2019,6092
S08000016,All,80-89 years,2020,6268
S08000016,All,80-89 years,2021,6288
S08000016,All,90 years and over,2017,1058
S08000016,All,90 years and over,2018,1024
S08000016,All,90 years and over,2019,1050
S08000016,All,90 years and over,2020,1053
S08000016,All,90 years and over,2021,1121
S08000016,All,All ages,2017,115020
S08000016,All,All ages,2018,115270
S08000016,All,All ages,2019,115510
S08000016,All,All ages,2020,115240
S08000016,All,All ages,2021,116020
S08000016,Female,0-9 years,2017,5819
S08000016,Female,0-9 years,2018,5698
S08000016,Female,0-9 years,2019,5620
S08000016,Female,0-9 years,2020,5478
S08000016,Female,0-9 years,2021,5409
S08000016,Female,10-19 years,2017,5892
S08000016,Female,10-19 years,2018,5945
S08000016,Female,10-19 years,2019,5980
S08000016,Female,10-19 years,2020,5931
S08000016,Female,10-19 years,2021,5985
S08000016,Female,20-29 years,2017,5358
S08000016,Female,20-29 years,2018,5357
S08000016,Female,20-29 years,2019,5325
S08000016,Female,20-29 years,2020,5322
S08000016,Female,20-29 years,2021,5283
S08000016,Female,30-39 years,2017,5724
S08000016,Female,30-39 years,2018,5827
S08000016,Female,30-39 years,2019,5895
S08000016,Female,30-39 years,2020,5862
S08000016,Female,30-39 years,2021,5991
S08000016,Female,40-49 years,2017,7908
S08000016,Female,40-49 years,2018,7543
S08000016,Female,40-49 years,2019,7274
S08000016,Female,40-49 years,2020,7116
S08000016,Female,40-49 years,2021,6893
S08000016,Female,50-59 years,2017,9408
S08000016,Female,50-59 years,2018,9484
S08000016,Female,50-59 years,2019,9519
S08000016,Female,50-59 years,2020,9456
S08000016,Female,50-59 years,2021,9537
S08000016,Female,60-69 years,2017,8422
S08000016,Female,60-69 years,2018,8466
S08000016,Female,60-69 years,2019,8552
S08000016,Female,60-69 years,2020,8608
S08000016,Female,60-69 years,2021,8777
S08000016,Female,70-79 years,2017,6617
S08000016,Female,70-79 years,2018,6835
S08000016,Female,70-79 years,2019,7000
S08000016,Female,70-79 years,2020,7114
S08000016,Female,70-79 years,2021,7266
S08000016,Female,80-89 years,2017,3337
S08000016,Female,80-89 years,2018,3411
S08000016,Female,80-89 years,2019,3499
S08000016,Female,80-89 years,2020,3590
S08000016,Female,80-89 years,2021,3621
S08000016,Female,90 years and over,2017,746
S08000016,Female,90 years and over,2018,715
S08000016,Female,90 years and over,2019,723
S08000016,Female,90 years and over,2020,711
S08000016,Female,90 years and over,2021,724
S08000016,Female,All ages,2017,59231
S08000016,Female,All ages,2018,59281
S08000016,Female,All ages,2019,59387
S08000016,Female,All ages,2020,59188
S08000016,Female,All ages,2021,59486
S08000016,Male,0-9 years,2017,5945
S08000016,Male,0-9 years,2018,5993
S08000016,Male,0-9 years,2019,5928
S08000016,Male,0-9 years,2020,5873
S08000016,Male,0-9 years,2021,5769
S08000016,Male,10-19 years,2017,6105
S08000016,Male,10-19 years,2018,6095
S08000016,Male,10-19 years,2019,6074
S08000016,Male,10-19 years,2020,6081
S08000016,Male,10-19 years,2021,6238
S08000016,Male,20-29 years,2017,5364
S08000016,Male,20-29 years,2018,5374
S08000016,Male,20-29 years,2019,5418
S08000016,Male,20-29 years,2020,5383
S08000016,Male,20-29 years,2021,5454
S08000016,Male,30-39 years,2017,5143
S08000016,Male,30-39 years,2018,5280
S08000016,Male,30-39 years,2019,5278
S08000016,Male,30-39 years,2020,5206
S08000016,Male,30-39 years,2021,5249
S08000016,Male,40-49 years,2017,7188
S08000016,Male,40-49 years,2018,6817
S08000016,Male,40-49 years,2019,6542
S08000016,Male,40-49 years,2020,6386
S08000016,Male,40-49 years,2021,6255
S08000016,Male,50-59 years,2017,9103
S08000016,Male,50-59 years,2018,9215
S08000016,Male,50-59 years,2019,9242
S08000016,Male,50-59 years,2020,9161
S08000016,Male,50-59 years,2021,9145
S08000016,Male,60-69 years,2017,8218
S08000016,Male,60-69 years,2018,8151
S08000016,Male,60-69 years,2019,8256
S08000016,Male,60-69 years,2020,8309
S08000016,Male,60-69 years,2021,8509
S08000016,Male,70-79 years,2017,5978
S08000016,Male,70-79 years,2018,6248
S08000016,Male,70-79 years,2019,6465
S08000016,Male,70-79 years,2020,6633
S08000016,Male,70-79 years,2021,6851
S08000016,Male,80-89 years,2017,2433
S08000016,Male,80-89 years,2018,2507
S08000016,Male,80-89 years,2019,2593
S08000016,Male,80-89 years,2020,2678
S08000016,Male,80-89 years,2021,2667
S08000016,Male,90 years and over,2017,312
S08000016,Male,90 years and over,2018,309
S08000016,Male,90 years and over,2019,327
S08000016,Male,90 years and over,2020,342
S08000016,Male,90 years and over,2021,397
S08000016,Male,All ages,2017,55789
S08000016,Male,All ages,2018,55989
S08000016,Male,All ages,2019,56123
S08000016,Male,All ages,2020,56052
S08000016,Male,All ages,2021,56534
S08000017,All,0-9 years,2017,14330
S08000017,All,0-9 years,2018,14054
S08000017,All,0-9 years,2019,13780
S08000017,All,0-9 years,2020,13465
S08000017,All,0-9 years,2021,13187
S08000017,All,10-19 years,2017,15204
S08000017,All,10-19 years,2018,15104
S08000017,All,10-19 years,2019,15140
S08000017,All,10-19 years,2020,15227
S08000017,All,10-19 years,2021,15525
S08000017,All,20-29 years,2017,15147
S08000017,All,20-29 years,2018,14980
S08000017,All,20-29 years,2019,14928
S08000017,All,20-29 years,2020,14717
S08000017,All,20-29 years,2021,14615
S08000017,All,30-39 years,2017,14513
S08000017,All,30-39 years,2018,14773
S08000017,All,30-39 years,2019,14893
S08000017,All,30-39 years,2020,14922
S08000017,All,30-39 years,2021,15101
S08000017,All,40-49 years,2017,17902
S08000017,All,40-49 years,2018,17138
S08000017,All,40-49 years,2019,16440
S08000017,All,40-49 years,2020,15855
S08000017,All,40-49 years,2021,15494
S08000017,All,50-59 years,2017,23786
S08000017,All,50-59 years,2018,23828
S08000017,All,50-59 years,2019,23911
S08000017,All,50-59 years,2020,23717
S08000017,All,50-59 years,2021,23642
S08000017,All,60-69 years,2017,21867
S08000017,All,60-69 years,2018,21864
S08000017,All,60-69 years,2019,21950
S08000017,All,60-69 years,2020,22011
S08000017,All,60-69 years,2021,22381
S08000017,All,70-79 years,2017,16797
S08000017,All,70-79 years,2018,17345
S08000017,All,70-79 years,2019,17916
S08000017,All,70-79 years,2020,18317
S08000017,All,70-79 years,2021,18626
S08000017,All,80-89 years,2017,8162
S08000017,All,80-89 years,2018,8247
S08000017,All,80-89 years,2019,8390
S08000017,All,80-89 years,2020,8509
S08000017,All,80-89 years,2021,8621
S08000017,All,90 years and over,2017,1492
S08000017,All,90 years and over,2018,1457
S08000017,All,90 years and over,2019,1512
S08000017,All,90 years and over,2020,1550
S08000017,All,90 years and over,2021,1598
S08000017,All,All ages,2017,149200
S08000017,All,All ages,2018,148790
S08000017,All,All ages,2019,148860
S08000017,All,All ages,2020,148290
S08000017,All,All ages,2021,148790
S08000017,Female,0-9 years,2017,7052
S08000017,Female,0-9 years,2018,6911
S08000017,Female,0-9 years,2019,6758
S08000017,Female,0-9 years,2020,6554
S08000017,Female,0-9 years,2021,6394
S08000017,Female,10-19 years,2017,7306
S08000017,Female,10-19 years,2018,7276
S08000017,Female,10-19 years,2019,7350
S08000017,Female,10-19 years,2020,7413
S08000017,Female,10-19 years,2021,7607
S08000017,Female,20-29 years,2017,7518
S08000017,Female,20-29 years,2018,7376
S08000017,Female,20-29 years,2019,7285
S08000017,Female,20-29 years,2020,7165
S08000017,Female,20-29 years,2021,7111
S08000017,Female,30-39 years,2017,7580
S08000017,Female,30-39 years,2018,7718
S08000017,Female,30-39 years,2019,7733
S08000017,Female,30-39 years,2020,7756
S08000017,Female,30-39 years,2021,7817
S08000017,Female,40-49 years,2017,9415
S08000017,Female,40-49 years,2018,8981
S08000017,Female,40-49 years,2019,8623
S08000017,Female,40-49 years,2020,8361
S08000017,Female,40-49 years,2021,8161
S08000017,Female,50-59 years,2017,12262
S08000017,Female,50-59 years,2018,12335
S08000017,Female,50-59 years,2019,12446
S08000017,Female,50-59 years,2020,12357
S08000017,Female,50-59 years,2021,12388
S08000017,Female,60-69 years,2017,11128
S08000017,Female,60-69 years,2018,11138
S08000017,Female,60-69 years,2019,11216
S08000017,Female,60-69 years,2020,11239
S08000017,Female,60-69 years,2021,11458
S08000017,Female,70-79 years,2017,8807
S08000017,Female,70-79 years,2018,9097
S08000017,Female,70-79 years,2019,9304
S08000017,Female,70-79 years,2020,9508
S08000017,Female,70-79 years,2021,9656
S08000017,Female,80-89 years,2017,4706
S08000017,Female,80-89 years,2018,4662
S08000017,Female,80-89 years,2019,4709
S08000017,Female,80-89 years,2020,4741
S08000017,Female,80-89 years,2021,4791
S08000017,Female,90 years and over,2017,1002
S08000017,Female,90 years and over,2018,975
S08000017,Female,90 years and over,2019,1001
S08000017,Female,90 years and over,2020,1021
S08000017,Female,90 years and over,2021,1051
S08000017,Female,All ages,2017,76776
S08000017,Female,All ages,2018,76469
S08000017,Female,All ages,2019,76425
S08000017,Female,All ages,2020,76115
S08000017,Female,All ages,2021,76434
S08000017,Male,0-9 years,2017,7278
S08000017,Male,0-9 years,2018,7143
S08000017,Male,0-9 years,2019,7022
S08000017,Male,0-9 years,2020,6911
S08000017,Male,0-9 years,2021,6793
S08000017,Male,10-19 years,2017,7898
S08000017,Male,10-19 years,2018,7828
S08000017,Male,10-19 years,2019,7790
S08000017,Male,10-19 years,2020,7814
S08000017,Male,10-19 years,2021,7918
S08000017,Male,20-29 years,2017,7629
S08000017,Male,20-29 years,2018,7604
S08000017,Male,20-29 years,2019,7643
S08000017,Male,20-29 years,2020,7552
S08000017,Male,20-29 years,2021,7504
S08000017,Male,30-39 years,2017,6933
S08000017,Male,30-39 years,2018,7055
S08000017,Male,30-39 years,2019,7160
S08000017,Male,30-39 years,2020,7166
S08000017,Male,30-39 years,2021,7284
S08000017,Male,40-49 years,2017,8487
S08000017,Male,40-49 years,2018,8157
S08000017,Male,40-49 years,2019,7817
S08000017,Male,40-49 years,2020,7494
S08000017,Male,40-49 years,2021,7333
S08000017,Male,50-59 years,2017,11524
S08000017,Male,50-59 years,2018,11493
S08000017,Male,50-59 years,2019,11465
S08000017,Male,50-59 years,2020,11360
S08000017,Male,50-59 years,2021,11254
S08000017,Male,60-69 years,2017,10739
S08000017,Male,60-69 years,2018,10726
S08000017,Male,60-69 years,2019,10734
S08000017,Male,60-69 years,2020,10772
S08000017,Male,60-69 years,2021,10923
S08000017,Male,70-79 years,2017,7990
S08000017,Male,70-79 years,2018,8248
S08000017,Male,70-79 years,2019,8612
S08000017,Male,70-79 years,2020,8809
S08000017,Male,70-79 years,2021,8970
S08000017,Male,80-89 years,2017,3456
S08000017,Male,80-89 years,2018,3585
S08000017,Male,80-89 years,2019,3681
S08000017,Male,80-89 years,2020,3768
S08000017,Male,80-89 years,2021,3830
S08000017,Male,90 years and over,2017,490
S08000017,Male,90 years and over,2018,482
S08000017,Male,90 years and over,2019,511
S08000017,Male,90 years and over,2020,529
S08000017,Male,90 years and over,2021,547
S08000017,Male,All ages,2017,72424
S08000017,Male,All ages,2018,72321
S08000017,Male,All ages,2019,72435
S08000017,Male,All ages,2020,72175
S08000017,Male,All ages,2021,72356
S08000019,All,0-9 years,2017,32802
S08000019,All,0-9 years,2018,32265
S08000019,All,0-9 years,2019,31625
S08000019,All,0-9 years,2020,30960
S08000019,All,0-9 years,2021,30230
S08000019,All,10-19 years,2017,34242
S08000019,All,10-19 years,2018,34342
S08000019,All,10-19 years,2019,34444
S08000019,All,10-19 years,2020,34404
S08000019,All,10-19 years,2021,34503
S08000019,All,20-29 years,2017,38708
S08000019,All,20-29 years,2018,38467
S08000019,All,20-29 years,2019,38217
S08000019,All,20-29 years,2020,37768
S08000019,All,20-29 years,2021,36746
S08000019,All,30-39 years,2017,35921
S08000019,All,30-39 years,2018,36333
S08000019,All,30-39 years,2019,36602
S08000019,All,30-39 years,2020,36702
S08000019,All,30-39 years,2021,37399
S08000019,All,40-49 years,2017,42747
S08000019,All,40-49 years,2018,41606
S08000019,All,40-49 years,2019,40675
S08000019,All,40-49 years,2020,39697
S08000019,All,40-49 years,2021,38967
S08000019,All,50-59 years,2017,45571
S08000019,All,50-59 years,2018,46201
S08000019,All,50-59 years,2019,46776
S08000019,All,50-59 years,2020,46975
S08000019,All,50-59 years,2021,46982
S08000019,All,60-69 years,2017,35846
S08000019,All,60-69 years,2018,35880
S08000019,All,60-69 years,2019,36224
S08000019,All,60-69 years,2020,36552
S08000019,All,60-69 years,2021,37096
S08000019,All,70-79 years,2017,25737
S08000019,All,70-79 years,2018,26745
S08000019,All,70-79 years,2019,27347
S08000019,All,70-79 years,2020,28015
S08000019,All,70-79 years,2021,28682
S08000019,All,80-89 years,2017,11849
S08000019,All,80-89 years,2018,12083
S08000019,All,80-89 years,2019,12463
S08000019,All,80-89 years,2020,12576
S08000019,All,80-89 years,2021,12799
S08000019,All,90 years and over,2017,2157
S08000019,All,90 years and over,2018,2148
S08000019,All,90 years and over,2019,2267
S08000019,All,90 years and over,2020,2281
S08000019,All,90 years and over,2021,2306
S08000019,All,All ages,2017,305580
S08000019,All,All ages,2018,306070
S08000019,All,All ages,2019,306640
S08000019,All,All ages,2020,305930
S08000019,All,All ages,2021,305710
S08000019,Female,0-9 years,2017,15972
S08000019,Female,0-9 years,2018,15660
S08000019,Female,0-9 years,2019,15302
S08000019,Female,0-9 years,2020,14859
S08000019,Female,0-9 years,2021,14523
S08000019,Female,10-19 years,2017,16640
S08000019,Female,10-19 years,2018,16743
S08000019,Female,10-19 years,2019,16757
S08000019,Female,10-19 years,2020,16865
S08000019,Female,10-19 years,2021,16848
S08000019,Female,20-29 years,2017,19465
S08000019,Female,20-29 years,2018,19220
S08000019,Female,20-29 years,2019,18990
S08000019,Female,20-29 years,2020,18793
S08000019,Female,20-29 years,2021,18298
S08000019,Female,30-39 years,2017,18632
S08000019,Female,30-39 years,2018,18902
S08000019,Female,30-39 years,2019,18988
S08000019,Female,30-39 years,2020,19064
S08000019,Female,30-39 years,2021,19436
S08000019,Female,40-49 years,2017,22038
S08000019,Female,40-49 years,2018,21446
S08000019,Female,40-49 years,2019,21000
S08000019,Female,40-49 years,2020,20529
S08000019,Female,40-49 years,2021,20165
S08000019,Female,50-59 years,2017,23167
S08000019,Female,50-59 years,2018,23540
S08000019,Female,50-59 years,2019,23834
S08000019,Female,50-59 years,2020,24026
S08000019,Female,50-59 years,2021,24048
S08000019,Female,60-69 years,2017,18465
S08000019,Female,60-69 years,2018,18493
S08000019,Female,60-69 years,2019,18705
S08000019,Female,60-69 years,2020,18890
S08000019,Female,60-69 years,2021,19108
S08000019,Female,70-79 years,2017,13886
S08000019,Female,70-79 years,2018,14350
S08000019,Female,70-79 years,2019,14569
S08000019,Female,70-79 years,2020,14878
S08000019,Female,70-79 years,2021,15316
S08000019,Female,80-89 years,2017,6973
S08000019,Female,80-89 years,2018,7058
S08000019,Female,80-89 years,2019,7311
S08000019,Female,80-89 years,2020,7352
S08000019,Female,80-89 years,2021,7485
S08000019,Female,90 years and over,2017,1506
S08000019,Female,90 years and over,2018,1491
S08000019,Female,90 years and over,2019,1557
S08000019,Female,90 years and over,2020,1553
S08000019,Female,90 years and over,2021,1550
S08000019,Female,All ages,2017,156744
S08000019,Female,All ages,2018,156903
S08000019,Female,All ages,2019,157013
S08000019,Female,All ages,2020,156809
S08000019,Female,All ages,2021,156777
S08000019,Male,0-9 years,2017,16830
S08000019,Male,0-9 years,2018,16605
S08000019,Male,0-9 years,2019,16323
S08000019,Male,0-9 years,2020,16101
S08000019,Male,0-9 years,2021,15707
S08000019,Male,10-19 years,2017,17602
S08000019,Male,10-19 years,2018,17599
S08000019,Male,10-19 years,2019,17687
S08000019,Male,10-19 years,2020,17539
S08000019,Male,10-19 years,2021,17655
S08000019,Male,20-29 years,2017,19243
S08000019,Male,20-29 years,2018,19247
S08000019,Male,20-29 years,2019,19227
S08000019,Male,20-29 years,2020,18975
S08000019,Male,20-29 years,2021,18448
S08000019,Male,30-39 years,2017,17289
S08000019,Male,30-39 years,2018,17431
S08000019,Male,30-39 years,2019,17614
S08000019,Male,30-39 years,2020,17638
S08000019,Male,30-39 years,2021,17963
S08000019,Male,40-49 years,2017,20709
S08000019,Male,40-49 years,2018,20160
S08000019,Male,40-49 years,2019,19675
S08000019,Male,40-49 years,2020,19168
S08000019,Male,40-49 years,2021,18802
S08000019,Male,50-59 years,2017,22404
S08000019,Male,50-59 years,2018,22661
S08000019,Male,50-59 years,2019,22942
S08000019,Male,50-59 years,2020,22949
S08000019,Male,50-59 years,2021,22934
S08000019,Male,60-69 years,2017,17381
S08000019,Male,60-69 years,2018,17387
S08000019,Male,60-69 years,2019,17519
S08000019,Male,60-69 years,2020,17662
S08000019,Male,60-69 years,2021,17988
S08000019,Male,70-79 years,2017,11851
S08000019,Male,70-79 years,2018,12395
S08000019,Male,70-79 years,2019,12778
S08000019,Male,70-79 years,2020,13137
S08000019,Male,70-79 years,2021,13366
S08000019,Male,80-89 years,2017,4876
S08000019,Male,80-89 years,2018,5025
S08000019,Male,80-89 years,2019,5152
S08000019,Male,80-89 years,2020,5224
S08000019,Male,80-89 years,2021,5314
S08000019,Male,90 years and over,2017,651
S08000019,Male,90 years and over,2018,657
S08000019,Male,90 years and over,2019,710
S08000019,Male,90 years and over,2020,728
S08000019,Male,90 years and over,2021,756
S08000019,Male,All ages,2017,148836
S08000019,Male,All ages,2018,149167
S08000019,Male,All ages,2019,149627
S08000019,Male,All ages,2020,149121
S08000019,Male,All ages,2021,148933
S08000020,All,0-9 years,2017,64624
S08000020,All,0-9 years,2018,63798
S08000020,All,0-9 years,2019,63184
S08000020,All,0-9 years,2020,61918
S08000020,All,0-9 years,2021,60652
S08000020,All,10-19 years,2017,59667
S08000020,All,10-19 years,2018,60010
S08000020,All,10-19 years,2019,60770
S08000020,All,10-19 years,2020,61752
S08000020,All,10-19 years,2021,63166
S08000020,All,20-29 years,2017,81688
S08000020,All,20-29 years,2018,78573
S08000020,All,20-29 years,2019,76258
S08000020,All,20-29 years,2020,73834
S08000020,All,20-29 years,2021,70414
S08000020,All,30-39 years,2017,80635
S08000020,All,30-39 years,2018,81418
S08000020,All,30-39 years,2019,82360
S08000020,All,30-39 years,2020,82702
S08000020,All,30-39 years,2021,83311
S08000020,All,40-49 years,2017,78756
S08000020,All,40-49 years,2018,77284
S08000020,All,40-49 years,2019,76501
S08000020,All,40-49 years,2020,76360
S08000020,All,40-49 years,2021,76424
S08000020,All,50-59 years,2017,81846
S08000020,All,50-59 years,2018,81920
S08000020,All,50-59 years,2019,82562
S08000020,All,50-59 years,2020,82571
S08000020,All,50-59 years,2021,83066
S08000020,All,60-69 years,2017,67240
S08000020,All,60-69 years,2018,67414
S08000020,All,60-69 years,2019,67590
S08000020,All,60-69 years,2020,68327
S08000020,All,60-69 years,2021,69447
S08000020,All,70-79 years,2017,45384
S08000020,All,70-79 years,2018,47122
S08000020,All,70-79 years,2019,48878
S08000020,All,70-79 years,2020,50145
S08000020,All,70-79 years,2021,51677
S08000020,All,80-89 years,2017,22268
S08000020,All,80-89 years,2018,22630
S08000020,All,80-89 years,2019,23064
S08000020,All,80-89 years,2020,23389
S08000020,All,80-89 years,2021,23656
S08000020,All,90 years and over,2017,4272
S08000020,All,90 years and over,2018,4381
S08000020,All,90 years and over,2019,4533
S08000020,All,90 years and over,2020,4552
S08000020,All,90 years and over,2021,4717
S08000020,All,All ages,2017,586380
S08000020,All,All ages,2018,584550
S08000020,All,All ages,2019,585700
S08000020,All,All ages,2020,585550
S08000020,All,All ages,2021,586530
S08000020,Female,0-9 years,2017,31450
S08000020,Female,0-9 years,2018,31094
S08000020,Female,0-9 years,2019,30785
S08000020,Female,0-9 years,2020,30140
S08000020,Female,0-9 years,2021,29578
S08000020,Female,10-19 years,2017,29045
S08000020,Female,10-19 years,2018,29200
S08000020,Female,10-19 years,2019,29669
S08000020,Female,10-19 years,2020,30210
S08000020,Female,10-19 years,2021,30794
S08000020,Female,20-29 years,2017,39665
S08000020,Female,20-29 years,2018,38150
S08000020,Female,20-29 years,2019,37145
S08000020,Female,20-29 years,2020,35999
S08000020,Female,20-29 years,2021,34454
S08000020,Female,30-39 years,2017,39792
S08000020,Female,30-39 years,2018,40058
S08000020,Female,30-39 years,2019,40402
S08000020,Female,30-39 years,2020,40545
S08000020,Female,30-39 years,2021,40853
S08000020,Female,40-49 years,2017,39270
S08000020,Female,40-49 years,2018,38653
S08000020,Female,40-49 years,2019,38030
S08000020,Female,40-49 years,2020,37881
S08000020,Female,40-49 years,2021,37709
S08000020,Female,50-59 years,2017,41296
S08000020,Female,50-59 years,2018,41329
S08000020,Female,50-59 years,2019,41702
S08000020,Female,50-59 years,2020,41866
S08000020,Female,50-59 years,2021,42284
S08000020,Female,60-69 years,2017,33839
S08000020,Female,60-69 years,2018,33972
S08000020,Female,60-69 years,2019,34175
S08000020,Female,60-69 years,2020,34615
S08000020,Female,60-69 years,2021,35262
S08000020,Female,70-79 years,2017,24210
S08000020,Female,70-79 years,2018,25002
S08000020,Female,70-79 years,2019,25844
S08000020,Female,70-79 years,2020,26435
S08000020,Female,70-79 years,2021,27125
S08000020,Female,80-89 years,2017,13225
S08000020,Female,80-89 years,2018,13361
S08000020,Female,80-89 years,2019,13560
S08000020,Female,80-89 years,2020,13711
S08000020,Female,80-89 years,2021,13843
S08000020,Female,90 years and over,2017,2931
S08000020,Female,90 years and over,2018,3003
S08000020,Female,90 years and over,2019,3105
S08000020,Female,90 years and over,2020,3098
S08000020,Female,90 years and over,2021,3206
S08000020,Female,All ages,2017,294723
S08000020,Female,All ages,2018,293822
S08000020,Female,All ages,2019,294417
S08000020,Female,All ages,2020,294500
S08000020,Female,All ages,2021,295108
S08000020,Male,0-9 years,2017,33174
S08000020,Male,0-9 years,2018,32704
S08000020,Male,0-9 years,2019,32399
S08000020,Male,0-9 years,2020,31778
S08000020,Male,0-9 years,2021,31074
S08000020,Male,10-19 years,2017,30622
S08000020,Male,10-19 years,2018,30810
S08000020,Male,10-19 years,2019,31101
S08000020,Male,10-19 years,2020,31542
S08000020,Male,10-19 years,2021,32372
S08000020,Male,20-29 years,2017,42023
S08000020,Male,20-29 years,2018,40423
S08000020,Male,20-29 years,2019,39113
S08000020,Male,20-29 years,2020,37835
S08000020,Male,20-29 years,2021,35960
S08000020,Male,30-39 years,2017,40843
S08000020,Male,30-39 years,2018,41360
S08000020,Male,30-39 years,2019,41958
S08000020,Male,30-39 years,2020,42157
S08000020,Male,30-39 years,2021,42458
S08000020,Male,40-49 years,2017,39486
S08000020,Male,40-49 years,2018,38631
S08000020,Male,40-49 years,2019,38471
S08000020,Male,40-49 years,2020,38479
S08000020,Male,40-49 years,2021,38715
S08000020,Male,50-59 years,2017,40550
S08000020,Male,50-59 years,2018,40591
S08000020,Male,50-59 years,2019,40860
S08000020,Male,50-59 years,2020,40705
S08000020,Male,50-59 years,2021,40782
S08000020,Male,60-69 years,2017,33401
S08000020,Male,60-69 years,2018,33442
S08000020,Male,60-69 years,2019,33415
S08000020,Male,60-69 years,2020,33712
S08000020,Male,60-69 years,2021,34185
S08000020,Male,70-79 years,2017,21174
S08000020,Male,70-79 years,2018,22120
S08000020,Male,70-79 years,2019,23034
S08000020,Male,70-79 years,2020,23710
S08000020,Male,70-79 years,2021,24552
S08000020,Male,80-89 years,2017,9043
S08000020,Male,80-89 years,2018,9269
S08000020,Male,80-89 years,2019,9504
S08000020,Male,80-89 years,2020,9678
S08000020,Male,80-89 years,2021,9813
S08000020,Male,90 years and over,2017,1341
S08000020,Male,90 years and over,2018,1378
S08000020,Male,90 years and over,2019,1428
S08000020,Male,90 years and over,2020,1454
S08000020,Male,90 years and over,2021,1511
S08000020,Male,All ages,2017,291657
S08000020,Male,All ages,2018,290728
S08000020,Male,All ages,2019,291283
S08000020,Male,All ages,2020,291050
S08000020,Male,All ages,2021,291422
S08000022,All,0-9 years,2017,32314
S08000022,All,0-9 years,2018,31683
S08000022,All,0-9 years,2019,30873
S08000022,All,0-9 years,2020,30065
S08000022,All,0-9 years,2021,29480
S08000022,All,10-19 years,2017,34117
S08000022,All,10-19 years,2018,34116
S08000022,All,10-19 years,2019,34047
S08000022,All,10-19 years,2020,34077
S08000022,All,10-19 years,2021,34433
S08000022,All,20-29 years,2017,33200
S08000022,All,20-29 years,2018,32937
S08000022,All,20-29 years,2019,32934
S08000022,All,20-29 years,2020,32590
S08000022,All,20-29 years,2021,33237
S08000022,All,30-39 years,2017,35082
S08000022,All,30-39 years,2018,35391
S08000022,All,30-39 years,2019,35529
S08000022,All,30-39 years,2020,35223
S08000022,All,30-39 years,2021,35606
S08000022,All,40-49 years,2017,41159
S08000022,All,40-49 years,2018,39771
S08000022,All,40-49 years,2019,38885
S08000022,All,40-49 years,2020,38221
S08000022,All,40-49 years,2021,38215
S08000022,All,50-59 years,2017,50425
S08000022,All,50-59 years,2018,50872
S08000022,All,50-59 years,2019,50748
S08000022,All,50-59 years,2020,50558
S08000022,All,50-59 years,2021,50815
S08000022,All,60-69 years,2017,45231
S08000022,All,60-69 years,2018,44949
S08000022,All,60-69 years,2019,44996
S08000022,All,60-69 years,2020,45282
S08000022,All,60-69 years,2021,46287
S08000022,All,70-79 years,2017,32500
S08000022,All,70-79 years,2018,33706
S08000022,All,70-79 years,2019,34822
S08000022,All,70-79 years,2020,35608
S08000022,All,70-79 years,2021,36579
S08000022,All,80-89 years,2017,15082
S08000022,All,80-89 years,2018,15505
S08000022,All,80-89 years,2019,15900
S08000022,All,80-89 years,2020,16221
S08000022,All,80-89 years,2021,16478
S08000022,All,90 years and over,2017,2880
S08000022,All,90 years and over,2018,2870
S08000022,All,90 years and over,2019,2966
S08000022,All,90 years and over,2020,3015
S08000022,All,90 years and over,2021,3150
S08000022,All,All ages,2017,321990
S08000022,All,All ages,2018,321800
S08000022,All,All ages,2019,321700
S08000022,All,All ages,2020,320860
S08000022,All,All ages,2021,324280
S08000022,Female,0-9 years,2017,15734
S08000022,Female,0-9 years,2018,15427
S08000022,Female,0-9 years,2019,15040
S08000022,Female,0-9 years,2020,14603
S08000022,Female,0-9 years,2021,14358
S08000022,Female,10-19 years,2017,16387
S08000022,Female,10-19 years,2018,16417
S08000022,Female,10-19 years,2019,16359
S08000022,Female,10-19 years,2020,16420
S08000022,Female,10-19 years,2021,16619
S08000022,Female,20-29 years,2017,15395
S08000022,Female,20-29 years,2018,15244
S08000022,Female,20-29 years,2019,15155
S08000022,Female,20-29 years,2020,14835
S08000022,Female,20-29 years,2021,15140
S08000022,Female,30-39 years,2017,17755
S08000022,Female,30-39 years,2018,17941
S08000022,Female,30-39 years,2019,18042
S08000022,Female,30-39 years,2020,17860
S08000022,Female,30-39 years,2021,18021
S08000022,Female,40-49 years,2017,21506
S08000022,Female,40-49 years,2018,20732
S08000022,Female,40-49 years,2019,20235
S08000022,Female,40-49 years,2020,19694
S08000022,Female,40-49 years,2021,19638
S08000022,Female,50-59 years,2017,25856
S08000022,Female,50-59 years,2018,26075
S08000022,Female,50-59 years,2019,26083
S08000022,Female,50-59 years,2020,26193
S08000022,Female,50-59 years,2021,26357
S08000022,Female,60-69 years,2017,22940
S08000022,Female,60-69 years,2018,22834
S08000022,Female,60-69 years,2019,22965
S08000022,Female,60-69 years,2020,23073
S08000022,Female,60-69 years,2021,23592
S08000022,Female,70-79 years,2017,17179
S08000022,Female,70-79 years,2018,17763
S08000022,Female,70-79 years,2019,18232
S08000022,Female,70-79 years,2020,18627
S08000022,Female,70-79 years,2021,19078
S08000022,Female,80-89 years,2017,8897
S08000022,Female,80-89 years,2018,9060
S08000022,Female,80-89 years,2019,9265
S08000022,Female,80-89 years,2020,9406
S08000022,Female,80-89 years,2021,9567
S08000022,Female,90 years and over,2017,2035
S08000022,Female,90 years and over,2018,2000
S08000022,Female,90 years and over,2019,2013
S08000022,Female,90 years and over,2020,1996
S08000022,Female,90 years and over,2021,2077
S08000022,Female,All ages,2017,163684
S08000022,Female,All ages,2018,163493
S08000022,Female,All ages,2019,163389
S08000022,Female,All ages,2020,162707
S08000022,Female,All ages,2021,164447
S08000022,Male,0-9 years,2017,16580
S08000022,Male,0-9 years,2018,16256
S08000022,Male,0-9 years,2019,15833
S08000022,Male,0-9 years,2020,15462
S08000022,Male,0-9 years,2021,15122
S08000022,Male,10-19 years,2017,17730
S08000022,Male,10-19 years,2018,17699
S08000022,Male,10-19 years,2019,17688
S08000022,Male,10-19 years,2020,17657
S08000022,Male,10-19 years,2021,17814
S08000022,Male,20-29 years,2017,17805
S08000022,Male,20-29 years,2018,17693
S08000022,Male,20-29 years,2019,17779
S08000022,Male,20-29 years,2020,17755
S08000022,Male,20-29 years,2021,18097
S08000022,Male,30-39 years,2017,17327
S08000022,Male,30-39 years,2018,17450
S08000022,Male,30-39 years,2019,17487
S08000022,Male,30-39 years,2020,17363
S08000022,Male,30-39 years,2021,17585
S08000022,Male,40-49 years,2017,19653
S08000022,Male,40-49 years,2018,19039
S08000022,Male,40-49 years,2019,18650
S08000022,Male,40-49 years,2020,18527
S08000022,Male,40-49 years,2021,18577
S08000022,Male,50-59 years,2017,24569
S08000022,Male,50-59 years,2018,24797
S08000022,Male,50-59 years,2019,24665
S08000022,Male,50-59 years,2020,24365
S08000022,Male,50-59 years,2021,24458
S08000022,Male,60-69 years,2017,22291
S08000022,Male,60-69 years,2018,22115
S08000022,Male,60-69 years,2019,22031
S08000022,Male,60-69 years,2020,22209
S08000022,Male,60-69 years,2021,22695
S08000022,Male,70-79 years,2017,15321
S08000022,Male,70-79 years,2018,15943
S08000022,Male,70-79 years,2019,16590
S08000022,Male,70-79 years,2020,16981
S08000022,Male,70-79 years,2021,17501
S08000022,Male,80-89 years,2017,6185
S08000022,Male,80-89 years,2018,6445
S08000022,Male,80-89 years,2019,6635
S08000022,Male,80-89 years,2020,6815
S08000022,Male,80-89 years,2021,6911
S08000022,Male,90 years and over,2017,845
S08000022,Male,90 years and over,2018,870
S08000022,Male,90 years and over,2019,953
S08000022,Male,90 years and over,2020,1019
S08000022,Male,90 years and over,2021,1073
S08000022,Male,All ages,2017,158306
S08000022,Male,All ages,2018,158307
S08000022,Male,All ages,2019,158311
S08000022,Male,All ages,2020,158153
S08000022,Male,All ages,2021,159833
S08000024,All,0-9 years,2017,97885
S08000024,All,0-9 years,2018,97187
S08000024,All,0-9 years,2019,96184
S08000024,All,0-9 years,2020,94787
S08000024,All,0-9 years,2021,92659
S08000024,All,10-19 years,2017,89190
S08000024,All,10-19 years,2018,90598
S08000024,All,10-19 years,2019,92151
S08000024,All,10-19 years,2020,93253
S08000024,All,10-19 years,2021,95278
S08000024,All,20-29 years,2017,143301
S08000024,All,20-29 years,2018,143167
S08000024,All,20-29 years,2019,142759
S08000024,All,20-29 years,2020,140526
S08000024,All,20-29 years,2021,135294
S08000024,All,30-39 years,2017,131947
S08000024,All,30-39 years,2018,136400
S08000024,All,30-39 years,2019,140736
S08000024,All,30-39 years,2020,143990
S08000024,All,30-39 years,2021,148305
S08000024,All,40-49 years,2017,118282
S08000024,All,40-49 years,2018,116872
S08000024,All,40-49 years,2019,117186
S08000024,All,40-49 years,2020,117765
S08000024,All,40-49 years,2021,118094
S08000024,All,50-59 years,2017,117904
S08000024,All,50-59 years,2018,119118
S08000024,All,50-59 years,2019,119844
S08000024,All,50-59 years,2020,120104
S08000024,All,50-59 years,2021,120225
S08000024,All,60-69 years,2017,90555
S08000024,All,60-69 years,2018,91145
S08000024,All,60-69 years,2019,92511
S08000024,All,60-69 years,2020,94170
S08000024,All,60-69 years,2021,96349
S08000024,All,70-79 years,2017,62585
S08000024,All,70-79 years,2018,64835
S08000024,All,70-79 years,2019,66913
S08000024,All,70-79 years,2020,68565
S08000024,All,70-79 years,2021,70200
S08000024,All,80-89 years,2017,31434
S08000024,All,80-89 years,2018,32035
S08000024,All,80-89 years,2019,32616
S08000024,All,80-89 years,2020,32679
S08000024,All,80-89 years,2021,32930
S08000024,All,90 years and over,2017,6367
S08000024,All,90 years and over,2018,6413
S08000024,All,90 years and over,2019,6680
S08000024,All,90 years and over,2020,6651
S08000024,All,90 years and over,2021,6976
S08000024,All,All ages,2017,889450
S08000024,All,All ages,2018,897770
S08000024,All,All ages,2019,907580
S08000024,All,All ages,2020,912490
S08000024,All,All ages,2021,916310
S08000024,Female,0-9 years,2017,47891
S08000024,Female,0-9 years,2018,47464
S08000024,Female,0-9 years,2019,46796
S08000024,Female,0-9 years,2020,46095
S08000024,Female,0-9 years,2021,45118
S08000024,Female,10-19 years,2017,43767
S08000024,Female,10-19 years,2018,44418
S08000024,Female,10-19 years,2019,45208
S08000024,Female,10-19 years,2020,45674
S08000024,Female,10-19 years,2021,46652
S08000024,Female,20-29 years,2017,74396
S08000024,Female,20-29 years,2018,74184
S08000024,Female,20-29 years,2019,73862
S08000024,Female,20-29 years,2020,72718
S08000024,Female,20-29 years,2021,69971
S08000024,Female,30-39 years,2017,67117
S08000024,Female,30-39 years,2018,69304
S08000024,Female,30-39 years,2019,71596
S08000024,Female,30-39 years,2020,73364
S08000024,Female,30-39 years,2021,75486
S08000024,Female,40-49 years,2017,59587
S08000024,Female,40-49 years,2018,58831
S08000024,Female,40-49 years,2019,58809
S08000024,Female,40-49 years,2020,59029
S08000024,Female,40-49 years,2021,59243
S08000024,Female,50-59 years,2017,59871
S08000024,Female,50-59 years,2018,60599
S08000024,Female,50-59 years,2019,60985
S08000024,Female,50-59 years,2020,61099
S08000024,Female,50-59 years,2021,61326
S08000024,Female,60-69 years,2017,46784
S08000024,Female,60-69 years,2018,47047
S08000024,Female,60-69 years,2019,47849
S08000024,Female,60-69 years,2020,48749
S08000024,Female,60-69 years,2021,49847
S08000024,Female,70-79 years,2017,34130
S08000024,Female,70-79 years,2018,35268
S08000024,Female,70-79 years,2019,36244
S08000024,Female,70-79 years,2020,37042
S08000024,Female,70-79 years,2021,37918
S08000024,Female,80-89 years,2017,18960
S08000024,Female,80-89 years,2018,19274
S08000024,Female,80-89 years,2019,19538
S08000024,Female,80-89 years,2020,19517
S08000024,Female,80-89 years,2021,19662
S08000024,Female,90 years and over,2017,4435
S08000024,Female,90 years and over,2018,4442
S08000024,Female,90 years and over,2019,4570
S08000024,Female,90 years and over,2020,4545
S08000024,Female,90 years and over,2021,4697
S08000024,Female,All ages,2017,456938
S08000024,Female,All ages,2018,460831
S08000024,Female,All ages,2019,465457
S08000024,Female,All ages,2020,467832
S08000024,Female,All ages,2021,469920
S08000024,Male,0-9 years,2017,49994
S08000024,Male,0-9 years,2018,49723
S08000024,Male,0-9 years,2019,49388
S08000024,Male,0-9 years,2020,48692
S08000024,Male,0-9 years,2021,47541
S08000024,Male,10-19 years,2017,45423
S08000024,Male,10-19 years,2018,46180
S08000024,Male,10-19 years,2019,46943
S08000024,Male,10-19 years,2020,47579
S08000024,Male,10-19 years,2021,48626
S08000024,Male,20-29 years,2017,68905
S08000024,Male,20-29 years,2018,68983
S08000024,Male,20-29 years,2019,68897
S08000024,Male,20-29 years,2020,67808
S08000024,Male,20-29 years,2021,65323
S08000024,Male,30-39 years,2017,64830
S08000024,Male,30-39 years,2018,67096
S08000024,Male,30-39 years,2019,69140
S08000024,Male,30-39 years,2020,70626
S08000024,Male,30-39 years,2021,72819
S08000024,Male,40-49 years,2017,58695
S08000024,Male,40-49 years,2018,58041
S08000024,Male,40-49 years,2019,58377
S08000024,Male,40-49 years,2020,58736
S08000024,Male,40-49 years,2021,58851
S08000024,Male,50-59 years,2017,58033
S08000024,Male,50-59 years,2018,58519
S08000024,Male,50-59 years,2019,58859
S08000024,Male,50-59 years,2020,59005
S08000024,Male,50-59 years,2021,58899
S08000024,Male,60-69 years,2017,43771
S08000024,Male,60-69 years,2018,44098
S08000024,Male,60-69 years,2019,44662
S08000024,Male,60-69 years,2020,45421
S08000024,Male,60-69 years,2021,46502
S08000024,Male,70-79 years,2017,28455
S08000024,Male,70-79 years,2018,29567
S08000024,Male,70-79 years,2019,30669
S08000024,Male,70-79 years,2020,31523
S08000024,Male,70-79 years,2021,32282
S08000024,Male,80-89 years,2017,12474
S08000024,Male,80-89 years,2018,12761
S08000024,Male,80-89 years,2019,13078
S08000024,Male,80-89 years,2020,13162
S08000024,Male,80-89 years,2021,13268
S08000024,Male,90 years and over,2017,1932
S08000024,Male,90 years and over,2018,1971
S08000024,Male,90 years and over,2019,2110
S08000024,Male,90 years and over,2020,2106
S08000024,Male,90 years and over,2021,2279
S08000024,Male,All ages,2017,432512
S08000024,Male,All ages,2018,436939
S08000024,Male,All ages,2019,442123
S08000024,Male,All ages,2020,444658
S08000024,Male,All ages,2021,446390
S08000025,All,0-9 years,2017,2161
S08000025,All,0-9 years,2018,2122
S08000025,All,0-9 years,2019,2120
S08000025,All,0-9 years,2020,2094
S08000025,All,0-9 years,2021,2057
S08000025,All,10-19 years,2017,2233
S08000025,All,10-19 years,2018,2268
S08000025,All,10-19 years,2019,2273
S08000025,All,10-19 years,2020,2294
S08000025,All,10-19 years,2021,2359
S08000025,All,20-29 years,2017,2311
S08000025,All,20-29 years,2018,2266
S08000025,All,20-29 years,2019,2227
S08000025,All,20-29 years,2020,2170
S08000025,All,20-29 years,2021,2147
S08000025,All,30-39 years,2017,2360
S08000025,All,30-39 years,2018,2456
S08000025,All,30-39 years,2019,2486
S08000025,All,30-39 years,2020,2526
S08000025,All,30-39 years,2021,2566
S08000025,All,40-49 years,2017,2783
S08000025,All,40-49 years,2018,2699
S08000025,All,40-49 years,2019,2684
S08000025,All,40-49 years,2020,2640
S08000025,All,40-49 years,2021,2594
S08000025,All,50-59 years,2017,3487
S08000025,All,50-59 years,2018,3572
S08000025,All,50-59 years,2019,3567
S08000025,All,50-59 years,2020,3587
S08000025,All,50-59 years,2021,3596
S08000025,All,60-69 years,2017,3082
S08000025,All,60-69 years,2018,3097
S08000025,All,60-69 years,2019,3087
S08000025,All,60-69 years,2020,3155
S08000025,All,60-69 years,2021,3176
S08000025,All,70-79 years,2017,2373
S08000025,All,70-79 years,2018,2420
S08000025,All,70-79 years,2019,2497
S08000025,All,70-79 years,2020,2523
S08000025,All,70-79 years,2021,2620
S08000025,All,80-89 years,2017,1012
S08000025,All,80-89 years,2018,1091
S08000025,All,80-89 years,2019,1117
S08000025,All,80-89 years,2020,1171
S08000025,All,80-89 years,2021,1176
S08000025,All,90 years and over,2017,198
S08000025,All,90 years and over,2018,199
S08000025,All,90 years and over,2019,212
S08000025,All,90 years and over,2020,240
S08000025,All,90 years and over,2021,249
S08000025,All,All ages,2017,22000
S08000025,All,All ages,2018,22190
S08000025,All,All ages,2019,22270
S08000025,All,All ages,2020,22400
S08000025,All,All ages,2021,22540
S08000025,Female,0-9 years,2017,1032
S08000025,Female,0-9 years,2018,1007
S08000025,Female,0-9 years,2019,997
S08000025,Female,0-9 years,2020,986
S08000025,Female,0-9 years,2021,962
S08000025,Female,10-19 years,2017,1087
S08000025,Female,10-19 years,2018,1136
S08000025,Female,10-19 years,2019,1132
S08000025,Female,10-19 years,2020,1136
S08000025,Female,10-19 years,2021,1167
S08000025,Female,20-29 years,2017,1098
S08000025,Female,20-29 years,2018,1049
S08000025,Female,20-29 years,2019,1027
S08000025,Female,20-29 years,2020,999
S08000025,Female,20-29 years,2021,1007
S08000025,Female,30-39 years,2017,1235
S08000025,Female,30-39 years,2018,1295
S08000025,Female,30-39 years,2019,1279
S08000025,Female,30-39 years,2020,1295
S08000025,Female,30-39 years,2021,1317
S08000025,Female,40-49 years,2017,1445
S08000025,Female,40-49 years,2018,1393
S08000025,Female,40-49 years,2019,1412
S08000025,Female,40-49 years,2020,1393
S08000025,Female,40-49 years,2021,1364
S08000025,Female,50-59 years,2017,1696
S08000025,Female,50-59 years,2018,1749
S08000025,Female,50-59 years,2019,1765
S08000025,Female,50-59 years,2020,1783
S08000025,Female,50-59 years,2021,1819
S08000025,Female,60-69 years,2017,1552
S08000025,Female,60-69 years,2018,1533
S08000025,Female,60-69 years,2019,1537
S08000025,Female,60-69 years,2020,1551
S08000025,Female,60-69 years,2021,1544
S08000025,Female,70-79 years,2017,1218
S08000025,Female,70-79 years,2018,1255
S08000025,Female,70-79 years,2019,1297
S08000025,Female,70-79 years,2020,1314
S08000025,Female,70-79 years,2021,1368
S08000025,Female,80-89 years,2017,566
S08000025,Female,80-89 years,2018,605
S08000025,Female,80-89 years,2019,600
S08000025,Female,80-89 years,2020,629
S08000025,Female,80-89 years,2021,620
S08000025,Female,90 years and over,2017,126
S08000025,Female,90 years and over,2018,129
S08000025,Female,90 years and over,2019,138
S08000025,Female,90 years and over,2020,155
S08000025,Female,90 years and over,2021,168
S08000025,Female,All ages,2017,11055
S08000025,Female,All ages,2018,11151
S08000025,Female,All ages,2019,11184
S08000025,Female,All ages,2020,11241
S08000025,Female,All ages,2021,11336
S08000025,Male,0-9 years,2017,1129
S08000025,Male,0-9 years,2018,1115
S08000025,Male,0-9 years,2019,1123
S08000025,Male,0-9 years,2020,1108
S08000025,Male,0-9 years,2021,1095
S08000025,Male,10-19 years,2017,1146
S08000025,Male,10-19 years,2018,1132
S08000025,Male,10-19 years,2019,1141
S08000025,Male,10-19 years,2020,1158
S08000025,Male,10-19 years,2021,1192
S08000025,Male,20-29 years,2017,1213
S08000025,Male,20-29 years,2018,1217
S08000025,Male,20-29 years,2019,1200
S08000025,Male,20-29 years,2020,1171
S08000025,Male,20-29 years,2021,1140
S08000025,Male,30-39 years,2017,1125
S08000025,Male,30-39 years,2018,1161
S08000025,Male,30-39 years,2019,1207
S08000025,Male,30-39 years,2020,1231
S08000025,Male,30-39 years,2021,1249
S08000025,Male,40-49 years,2017,1338
S08000025,Male,40-49 years,2018,1306
S08000025,Male,40-49 years,2019,1272
S08000025,Male,40-49 years,2020,1247
S08000025,Male,40-49 years,2021,1230
S08000025,Male,50-59 years,2017,1791
S08000025,Male,50-59 years,2018,1823
S08000025,Male,50-59 years,2019,1802
S08000025,Male,50-59 years,2020,1804
S08000025,Male,50-59 years,2021,1777
S08000025,Male,60-69 years,2017,1530
S08000025,Male,60-69 years,2018,1564
S08000025,Male,60-69 years,2019,1550
S08000025,Male,60-69 years,2020,1604
S08000025,Male,60-69 years,2021,1632
S08000025,Male,70-79 years,2017,1155
S08000025,Male,70-79 years,2018,1165
S08000025,Male,70-79 years,2019,1200
S08000025,Male,70-79 years,2020,1209
S08000025,Male,70-79 years,2021,1252
S08000025,Male,80-89 years,2017,446
S08000025,Male,80-89 years,2018,486
S08000025,Male,80-89 years,2019,517
S08000025,Male,80-89 years,2020,542
S08000025,Male,80-89 years,2021,556
S08000025,Male,90 years and over,2017,72
S08000025,Male,90 years and over,2018,70
S08000025,Male,90 years and over,2019,74
S08000025,Male,90 years and over,2020,85
S08000025,Male,90 years and over,2021,81
S08000025,Male,All ages,2017,10945
S08000025,Male,All ages,2018,11039
S08000025,Male,All ages,2019,11086
S08000025,Male,All ages,2020,11159
S08000025,Male,All ages,2021,11204
S08000026,All,0-9 years,2017,2628
S08000026,All,0-9 years,2018,2600
S08000026,All,0-9 years,2019,2563
S08000026,All,0-9 years,2020,2471
S08000026,All,0-9 years,2021,2384
S08000026,All,10-19 years,2017,2637
S08000026,All,10-19 years,2018,2584
S08000026,All,10-19 years,2019,2577
S08000026,All,10-19 years,2020,2610
S08000026,All,10-19 years,2021,2677
S08000026,All,20-29 years,2017,2543
S08000026,All,20-29 years,2018,2491
S08000026,All,20-29 years,2019,2423
S08000026,All,20-29 years,2020,2406
S08000026,All,20-29 years,2021,2385
S08000026,All,30-39 years,2017,2714
S08000026,All,30-39 years,2018,2769
S08000026,All,30-39 years,2019,2735
S08000026,All,30-39 years,2020,2722
S08000026,All,30-39 years,2021,2697
S08000026,All,40-49 years,2017,3156
S08000026,All,40-49 years,2018,3037
S08000026,All,40-49 years,2019,3007
S08000026,All,40-49 years,2020,2956
S08000026,All,40-49 years,2021,2940
S08000026,All,50-59 years,2017,3406
S08000026,All,50-59 years,2018,3415
S08000026,All,50-59 years,2019,3398
S08000026,All,50-59 years,2020,3417
S08000026,All,50-59 years,2021,3403
S08000026,All,60-69 years,2017,2929
S08000026,All,60-69 years,2018,2926
S08000026,All,60-69 years,2019,2906
S08000026,All,60-69 years,2020,2876
S08000026,All,60-69 years,2021,2939
S08000026,All,70-79 years,2017,2029
S08000026,All,70-79 years,2018,2102
S08000026,All,70-79 years,2019,2206
S08000026,All,70-79 years,2020,2248
S08000026,All,70-79 years,2021,2316
S08000026,All,80-89 years,2017,871
S08000026,All,80-89 years,2018,904
S08000026,All,80-89 years,2019,927
S08000026,All,80-89 years,2020,985
S08000026,All,80-89 years,2021,1007
S08000026,All,90 years and over,2017,167
S08000026,All,90 years and over,2018,162
S08000026,All,90 years and over,2019,178
S08000026,All,90 years and over,2020,179
S08000026,All,90 years and over,2021,192
S08000026,All,All ages,2017,23080
S08000026,All,All ages,2018,22990
S08000026,All,All ages,2019,22920
S08000026,All,All ages,2020,22870
S08000026,All,All ages,2021,22940
S08000026,Female,0-9 years,2017,1249
S08000026,Female,0-9 years,2018,1236
S08000026,Female,0-9 years,2019,1214
S08000026,Female,0-9 years,2020,1189
S08000026,Female,0-9 years,2021,1166
S08000026,Female,10-19 years,2017,1277
S08000026,Female,10-19 years,2018,1233
S08000026,Female,10-19 years,2019,1228
S08000026,Female,10-19 years,2020,1234
S08000026,Female,10-19 years,2021,1247
S08000026,Female,20-29 years,2017,1196
S08000026,Female,20-29 years,2018,1174
S08000026,Female,20-29 years,2019,1139
S08000026,Female,20-29 years,2020,1144
S08000026,Female,20-29 years,2021,1119
S08000026,Female,30-39 years,2017,1331
S08000026,Female,30-39 years,2018,1342
S08000026,Female,30-39 years,2019,1342
S08000026,Female,30-39 years,2020,1340
S08000026,Female,30-39 years,2021,1338
S08000026,Female,40-49 years,2017,1568
S08000026,Female,40-49 years,2018,1510
S08000026,Female,40-49 years,2019,1474
S08000026,Female,40-49 years,2020,1445
S08000026,Female,40-49 years,2021,1428
S08000026,Female,50-59 years,2017,1632
S08000026,Female,50-59 years,2018,1651
S08000026,Female,50-59 years,2019,1660
S08000026,Female,50-59 years,2020,1687
S08000026,Female,50-59 years,2021,1707
S08000026,Female,60-69 years,2017,1447
S08000026,Female,60-69 years,2018,1459
S08000026,Female,60-69 years,2019,1440
S08000026,Female,60-69 years,2020,1428
S08000026,Female,60-69 years,2021,1449
S08000026,Female,70-79 years,2017,1026
S08000026,Female,70-79 years,2018,1050
S08000026,Female,70-79 years,2019,1102
S08000026,Female,70-79 years,2020,1128
S08000026,Female,70-79 years,2021,1163
S08000026,Female,80-89 years,2017,502
S08000026,Female,80-89 years,2018,508
S08000026,Female,80-89 years,2019,510
S08000026,Female,80-89 years,2020,538
S08000026,Female,80-89 years,2021,564
S08000026,Female,90 years and over,2017,121
S08000026,Female,90 years and over,2018,114
S08000026,Female,90 years and over,2019,126
S08000026,Female,90 years and over,2020,125
S08000026,Female,90 years and over,2021,129
S08000026,Female,All ages,2017,11349
S08000026,Female,All ages,2018,11277
S08000026,Female,All ages,2019,11235
S08000026,Female,All ages,2020,11258
S08000026,Female,All ages,2021,11310
S08000026,Male,0-9 years,2017,1379
S08000026,Male,0-9 years,2018,1364
S08000026,Male,0-9 years,2019,1349
S08000026,Male,0-9 years,2020,1282
S08000026,Male,0-9 years,2021,1218
S08000026,Male,10-19 years,2017,1360
S08000026,Male,10-19 years,2018,1351
S08000026,Male,10-19 years,2019,1349
S08000026,Male,10-19 years,2020,1376
S08000026,Male,10-19 years,2021,1430
S08000026,Male,20-29 years,2017,1347
S08000026,Male,20-29 years,2018,1317
S08000026,Male,20-29 years,2019,1284
S08000026,Male,20-29 years,2020,1262
S08000026,Male,20-29 years,2021,1266
S08000026,Male,30-39 years,2017,1383
S08000026,Male,30-39 years,2018,1427
S08000026,Male,30-39 years,2019,1393
S08000026,Male,30-39 years,2020,1382
S08000026,Male,30-39 years,2021,1359
S08000026,Male,40-49 years,2017,1588
S08000026,Male,40-49 years,2018,1527
S08000026,Male,40-49 years,2019,1533
S08000026,Male,40-49 years,2020,1511
S08000026,Male,40-49 years,2021,1512
S08000026,Male,50-59 years,2017,1774
S08000026,Male,50-59 years,2018,1764
S08000026,Male,50-59 years,2019,1738
S08000026,Male,50-59 years,2020,1730
S08000026,Male,50-59 years,2021,1696
S08000026,Male,60-69 years,2017,1482
S08000026,Male,60-69 years,2018,1467
S08000026,Male,60-69 years,2019,1466
S08000026,Male,60-69 years,2020,1448
S08000026,Male,60-69 years,2021,1490
S08000026,Male,70-79 years,2017,1003
S08000026,Male,70-79 years,2018,1052
S08000026,Male,70-79 years,2019,1104
S08000026,Male,70-79 years,2020,1120
S08000026,Male,70-79 years,2021,1153
S08000026,Male,80-89 years,2017,369
S08000026,Male,80-89 years,2018,396
S08000026,Male,80-89 years,2019,417
S08000026,Male,80-89 years,2020,447
S08000026,Male,80-89 years,2021,443
S08000026,Male,90 years and over,2017,46
S08000026,Male,90 years and over,2018,48
S08000026,Male,90 years and over,2019,52
S08000026,Male,90 years and over,2020,54
S08000026,Male,90 years and over,2021,63
S08000026,Male,All ages,2017,11731
S08000026,Male,All ages,2018,11713
S08000026,Male,All ages,2019,11685
S08000026,Male,All ages,2020,11612
S08000026,Male,All ages,2021,11630
S08000028,All,0-9 years,2017,2628
S08000028,All,0-9 years,2018,2547
S08000028,All,0-9 years,2019,2466
S08000028,All,0-9 years,2020,2401
S08000028,All,0-9 years,2021,2324
S08000028,All,10-19 years,2017,2751
S08000028,All,10-19 years,2018,2758
S08000028,All,10-19 years,2019,2763
S08000028,All,10-19 years,2020,2762
S08000028,All,10-19 years,2021,2777
S08000028,All,20-29 years,2017,2381
S08000028,All,20-29 years,2018,2314
S08000028,All,20-29 years,2019,2234
S08000028,All,20-29 years,2020,2177
S08000028,All,20-29 years,2021,2251
S08000028,All,30-39 years,2017,2713
S08000028,All,30-39 years,2018,2717
S08000028,All,30-39 years,2019,2694
S08000028,All,30-39 years,2020,2632
S08000028,All,30-39 years,2021,2624
S08000028,All,40-49 years,2017,3634
S08000028,All,40-49 years,2018,3506
S08000028,All,40-49 years,2019,3407
S08000028,All,40-49 years,2020,3320
S08000028,All,40-49 years,2021,3229
S08000028,All,50-59 years,2017,4160
S08000028,All,50-59 years,2018,4228
S08000028,All,50-59 years,2019,4261
S08000028,All,50-59 years,2020,4246
S08000028,All,50-59 years,2021,4322
S08000028,All,60-69 years,2017,3912
S08000028,All,60-69 years,2018,3883
S08000028,All,60-69 years,2019,3904
S08000028,All,60-69 years,2020,3887
S08000028,All,60-69 years,2021,3971
S08000028,All,70-79 years,2017,2982
S08000028,All,70-79 years,2018,3041
S08000028,All,70-79 years,2019,3087
S08000028,All,70-79 years,2020,3140
S08000028,All,70-79 years,2021,3154
S08000028,All,80-89 years,2017,1472
S08000028,All,80-89 years,2018,1506
S08000028,All,80-89 years,2019,1548
S08000028,All,80-89 years,2020,1596
S08000028,All,80-89 years,2021,1636
S08000028,All,90 years and over,2017,317
S08000028,All,90 years and over,2018,330
S08000028,All,90 years and over,2019,356
S08000028,All,90 years and over,2020,339
S08000028,All,90 years and over,2021,352
S08000028,All,All ages,2017,26950
S08000028,All,All ages,2018,26830
S08000028,All,All ages,2019,26720
S08000028,All,All ages,2020,26500
S08000028,All,All ages,2021,26640
S08000028,Female,0-9 years,2017,1225
S08000028,Female,0-9 years,2018,1192
S08000028,Female,0-9 years,2019,1167
S08000028,Female,0-9 years,2020,1149
S08000028,Female,0-9 years,2021,1109
S08000028,Female,10-19 years,2017,1373
S08000028,Female,10-19 years,2018,1355
S08000028,Female,10-19 years,2019,1362
S08000028,Female,10-19 years,2020,1357
S08000028,Female,10-19 years,2021,1349
S08000028,Female,20-29 years,2017,1161
S08000028,Female,20-29 years,2018,1113
S08000028,Female,20-29 years,2019,1070
S08000028,Female,20-29 years,2020,1040
S08000028,Female,20-29 years,2021,1070
S08000028,Female,30-39 years,2017,1392
S08000028,Female,30-39 years,2018,1406
S08000028,Female,30-39 years,2019,1383
S08000028,Female,30-39 years,2020,1329
S08000028,Female,30-39 years,2021,1331
S08000028,Female,40-49 years,2017,1816
S08000028,Female,40-49 years,2018,1760
S08000028,Female,40-49 years,2019,1721
S08000028,Female,40-49 years,2020,1685
S08000028,Female,40-49 years,2021,1668
S08000028,Female,50-59 years,2017,2043
S08000028,Female,50-59 years,2018,2095
S08000028,Female,50-59 years,2019,2120
S08000028,Female,50-59 years,2020,2143
S08000028,Female,50-59 years,2021,2150
S08000028,Female,60-69 years,2017,1920
S08000028,Female,60-69 years,2018,1919
S08000028,Female,60-69 years,2019,1916
S08000028,Female,60-69 years,2020,1911
S08000028,Female,60-69 years,2021,1942
S08000028,Female,70-79 years,2017,1576
S08000028,Female,70-79 years,2018,1585
S08000028,Female,70-79 years,2019,1622
S08000028,Female,70-79 years,2020,1630
S08000028,Female,70-79 years,2021,1628
S08000028,Female,80-89 years,2017,902
S08000028,Female,80-89 years,2018,927
S08000028,Female,80-89 years,2019,929
S08000028,Female,80-89 years,2020,962
S08000028,Female,80-89 years,2021,985
S08000028,Female,90 years and over,2017,232
S08000028,Female,90 years and over,2018,231
S08000028,Female,90 years and over,2019,234
S08000028,Female,90 years and over,2020,223
S08000028,Female,90 years and over,2021,219
S08000028,Female,All ages,2017,13640
S08000028,Female,All ages,2018,13583
S08000028,Female,All ages,2019,13524
S08000028,Female,All ages,2020,13429
S08000028,Female,All ages,2021,13451
S08000028,Male,0-9 years,2017,1403
S08000028,Male,0-9 years,2018,1355
S08000028,Male,0-9 years,2019,1299
S08000028,Male,0-9 years,2020,1252
S08000028,Male,0-9 years,2021,1215
S08000028,Male,10-19 years,2017,1378
S08000028,Male,10-19 years,2018,1403
S08000028,Male,10-19 years,2019,1401
S08000028,Male,10-19 years,2020,1405
S08000028,Male,10-19 years,2021,1428
S08000028,Male,20-29 years,2017,1220
S08000028,Male,20-29 years,2018,1201
S08000028,Male,20-29 years,2019,1164
S08000028,Male,20-29 years,2020,1137
S08000028,Male,20-29 years,2021,1181
S08000028,Male,30-39 years,2017,1321
S08000028,Male,30-39 years,2018,1311
S08000028,Male,30-39 years,2019,1311
S08000028,Male,30-39 years,2020,1303
S08000028,Male,30-39 years,2021,1293
S08000028,Male,40-49 years,2017,1818
S08000028,Male,40-49 years,2018,1746
S08000028,Male,40-49 years,2019,1686
S08000028,Male,40-49 years,2020,1635
S08000028,Male,40-49 years,2021,1561
S08000028,Male,50-59 years,2017,2117
S08000028,Male,50-59 years,2018,2133
S08000028,Male,50-59 years,2019,2141
S08000028,Male,50-59 years,2020,2103
S08000028,Male,50-59 years,2021,2172
S08000028,Male,60-69 years,2017,1992
S08000028,Male,60-69 years,2018,1964
S08000028,Male,60-69 years,2019,1988
S08000028,Male,60-69 years,2020,1976
S08000028,Male,60-69 years,2021,2029
S08000028,Male,70-79 years,2017,1406
S08000028,Male,70-79 years,2018,1456
S08000028,Male,70-79 years,2019,1465
S08000028,Male,70-79 years,2020,1510
S08000028,Male,70-79 years,2021,1526
S08000028,Male,80-89 years,2017,570
S08000028,Male,80-89 years,2018,579
S08000028,Male,80-89 years,2019,619
S08000028,Male,80-89 years,2020,634
S08000028,Male,80-89 years,2021,651
S08000028,Male,90 years and over,2017,85
S08000028,Male,90 years and over,2018,99
S08000028,Male,90 years and over,2019,122
S08000028,Male,90 years and over,2020,116
S08000028,Male,90 years and over,2021,133
S08000028,Male,All ages,2017,13310
S08000028,Male,All ages,2018,13247
S08000028,Male,All ages,2019,13196
S08000028,Male,All ages,2020,13071
S08000028,Male,All ages,2021,13189
S08000029,All,0-9 years,2017,40859
S08000029,All,0-9 years,2018,40328
S08000029,All,0-9 years,2019,39717
S08000029,All,0-9 years,2020,38861
S08000029,All,0-9 years,2021,37840
S08000029,All,10-19 years,2017,40359
S08000029,All,10-19 years,2018,40653
S08000029,All,10-19 years,2019,41162
S08000029,All,10-19 years,2020,41842
S08000029,All,10-19 years,2021,42360
S08000029,All,20-29 years,2017,46472
S08000029,All,20-29 years,2018,46126
S08000029,All,20-29 years,2019,46171
S08000029,All,20-29 years,2020,45599
S08000029,All,20-29 years,2021,44778
S08000029,All,30-39 years,2017,42741
S08000029,All,30-39 years,2018,43213
S08000029,All,30-39 years,2019,43533
S08000029,All,30-39 years,2020,43782
S08000029,All,30-39 years,2021,44340
S08000029,All,40-49 years,2017,48769
S08000029,All,40-49 years,2018,47268
S08000029,All,40-49 years,2019,46316
S08000029,All,40-49 years,2020,45699
S08000029,All,40-49 years,2021,45178
S08000029,All,50-59 years,2017,54442
S08000029,All,50-59 years,2018,54947
S08000029,All,50-59 years,2019,55279
S08000029,All,50-59 years,2020,55055
S08000029,All,50-59 years,2021,55247
S08000029,All,60-69 years,2017,45785
S08000029,All,60-69 years,2018,45748
S08000029,All,60-69 years,2019,46119
S08000029,All,60-69 years,2020,46875
S08000029,All,60-69 years,2021,47472
S08000029,All,70-79 years,2017,33546
S08000029,All,70-79 years,2018,34918
S08000029,All,70-79 years,2019,36047
S08000029,All,70-79 years,2020,36885
S08000029,All,70-79 years,2021,37838
S08000029,All,80-89 years,2017,15368
S08000029,All,80-89 years,2018,15676
S08000029,All,80-89 years,2019,16012
S08000029,All,80-89 years,2020,16287
S08000029,All,80-89 years,2021,16415
S08000029,All,90 years and over,2017,3069
S08000029,All,90 years and over,2018,3033
S08000029,All,90 years and over,2019,3194
S08000029,All,90 years and over,2020,3245
S08000029,All,90 years and over,2021,3262
S08000029,All,All ages,2017,371410
S08000029,All,All ages,2018,371910
S08000029,All,All ages,2019,373550
S08000029,All,All ages,2020,374130
S08000029,All,All ages,2021,374730
S08000029,Female,0-9 years,2017,19864
S08000029,Female,0-9 years,2018,19585
S08000029,Female,0-9 years,2019,19266
S08000029,Female,0-9 years,2020,18836
S08000029,Female,0-9 years,2021,18366
S08000029,Female,10-19 years,2017,19672
S08000029,Female,10-19 years,2018,19754
S08000029,Female,10-19 years,2019,20130
S08000029,Female,10-19 years,2020,20463
S08000029,Female,10-19 years,2021,20741
S08000029,Female,20-29 years,2017,23674
S08000029,Female,20-29 years,2018,23360
S08000029,Female,20-29 years,2019,23146
S08000029,Female,20-29 years,2020,22724
S08000029,Female,20-29 years,2021,22161
S08000029,Female,30-39 years,2017,22186
S08000029,Female,30-39 years,2018,22525
S08000029,Female,30-39 years,2019,22744
S08000029,Female,30-39 years,2020,22840
S08000029,Female,30-39 years,2021,23152
S08000029,Female,40-49 years,2017,24998
S08000029,Female,40-49 years,2018,24254
S08000029,Female,40-49 years,2019,23854
S08000029,Female,40-49 years,2020,23557
S08000029,Female,40-49 years,2021,23235
S08000029,Female,50-59 years,2017,27941
S08000029,Female,50-59 years,2018,28259
S08000029,Female,50-59 years,2019,28406
S08000029,Female,50-59 years,2020,28422
S08000029,Female,50-59 years,2021,28665
S08000029,Female,60-69 years,2017,23728
S08000029,Female,60-69 years,2018,23673
S08000029,Female,60-69 years,2019,23910
S08000029,Female,60-69 years,2020,24240
S08000029,Female,60-69 years,2021,24507
S08000029,Female,70-79 years,2017,17802
S08000029,Female,70-79 years,2018,18525
S08000029,Female,70-79 years,2019,19130
S08000029,Female,70-79 years,2020,19574
S08000029,Female,70-79 years,2021,20078
S08000029,Female,80-89 years,2017,9111
S08000029,Female,80-89 years,2018,9263
S08000029,Female,80-89 years,2019,9381
S08000029,Female,80-89 years,2020,9513
S08000029,Female,80-89 years,2021,9546
S08000029,Female,90 years and over,2017,2122
S08000029,Female,90 years and over,2018,2092
S08000029,Female,90 years and over,2019,2169
S08000029,Female,90 years and over,2020,2212
S08000029,Female,90 years and over,2021,2207
S08000029,Female,All ages,2017,191098
S08000029,Female,All ages,2018,191290
S08000029,Female,All ages,2019,192136
S08000029,Female,All ages,2020,192381
S08000029,Female,All ages,2021,192658
S08000029,Male,0-9 years,2017,20995
S08000029,Male,0-9 years,2018,20743
S08000029,Male,0-9 years,2019,20451
S08000029,Male,0-9 years,2020,20025
S08000029,Male,0-9 years,2021,19474
S08000029,Male,10-19 years,2017,20687
S08000029,Male,10-19 years,2018,20899
S08000029,Male,10-19 years,2019,21032
S08000029,Male,10-19 years,2020,21379
S08000029,Male,10-19 years,2021,21619
S08000029,Male,20-29 years,2017,22798
S08000029,Male,20-29 years,2018,22766
S08000029,Male,20-29 years,2019,23025
S08000029,Male,20-29 years,2020,22875
S08000029,Male,20-29 years,2021,22617
S08000029,Male,30-39 years,2017,20555
S08000029,Male,30-39 years,2018,20688
S08000029,Male,30-39 years,2019,20789
S08000029,Male,30-39 years,2020,20942
S08000029,Male,30-39 years,2021,21188
S08000029,Male,40-49 years,2017,23771
S08000029,Male,40-49 years,2018,23014
S08000029,Male,40-49 years,2019,22462
S08000029,Male,40-49 years,2020,22142
S08000029,Male,40-49 years,2021,21943
S08000029,Male,50-59 years,2017,26501
S08000029,Male,50-59 years,2018,26688
S08000029,Male,50-59 years,2019,26873
S08000029,Male,50-59 years,2020,26633
S08000029,Male,50-59 years,2021,26582
S08000029,Male,60-69 years,2017,22057
S08000029,Male,60-69 years,2018,22075
S08000029,Male,60-69 years,2019,22209
S08000029,Male,60-69 years,2020,22635
S08000029,Male,60-69 years,2021,22965
S08000029,Male,70-79 years,2017,15744
S08000029,Male,70-79 years,2018,16393
S08000029,Male,70-79 years,2019,16917
S08000029,Male,70-79 years,2020,17311
S08000029,Male,70-79 years,2021,17760
S08000029,Male,80-89 years,2017,6257
S08000029,Male,80-89 years,2018,6413
S08000029,Male,80-89 years,2019,6631
S08000029,Male,80-89 years,2020,6774
S08000029,Male,80-89 years,2021,6869
S08000029,Male,90 years and over,2017,947
S08000029,Male,90 years and over,2018,941
S08000029,Male,90 years and over,2019,1025
S08000029,Male,90 years and over,2020,1033
S08000029,Male,90 years and over,2021,1055
S08000029,Male,All ages,2017,180312
S08000029,Male,All ages,2018,180620
S08000029,Male,All ages,2019,181414
S08000029,Male,All ages,2020,181749
S08000029,Male,All ages,2021,182072
S08000030,All,0-9 years,2017,42667
S08000030,All,0-9 years,2018,42118
S08000030,All,0-9 years,2019,41536
S08000030,All,0-9 years,2020,40905
S08000030,All,0-9 years,2021,40037
S08000030,All,10-19 years,2017,43953
S08000030,All,10-19 years,2018,43947
S08000030,All,10-19 years,2019,44309
S08000030,All,10-19 years,2020,44048
S08000030,All,10-19 years,2021,44190
S08000030,All,20-29 years,2017,56468
S08000030,All,20-29 years,2018,55825
S08000030,All,20-29 years,2019,55535
S08000030,All,20-29 years,2020,54675
S08000030,All,20-29 years,2021,53152
S08000030,All,30-39 years,2017,49449
S08000030,All,30-39 years,2018,50551
S08000030,All,30-39 years,2019,51420
S08000030,All,30-39 years,2020,52125
S08000030,All,30-39 years,2021,53510
S08000030,All,40-49 years,2017,50277
S08000030,All,40-49 years,2018,48802
S08000030,All,40-49 years,2019,47809
S08000030,All,40-49 years,2020,47093
S08000030,All,40-49 years,2021,47039
S08000030,All,50-59 years,2017,59993
S08000030,All,50-59 years,2018,60118
S08000030,All,50-59 years,2019,60168
S08000030,All,50-59 years,2020,59656
S08000030,All,50-59 years,2021,59585
S08000030,All,60-69 years,2017,51153
S08000030,All,60-69 years,2018,51008
S08000030,All,60-69 years,2019,51473
S08000030,All,60-69 years,2020,51925
S08000030,All,60-69 years,2021,52988
S08000030,All,70-79 years,2017,38194
S08000030,All,70-79 years,2018,39465
S08000030,All,70-79 years,2019,40481
S08000030,All,70-79 years,2020,41214
S08000030,All,70-79 years,2021,42085
S08000030,All,80-89 years,2017,19794
S08000030,All,80-89 years,2018,20082
S08000030,All,80-89 years,2019,20409
S08000030,All,80-89 years,2020,20538
S08000030,All,80-89 years,2021,20504
S08000030,All,90 years and over,2017,4142
S08000030,All,90 years and over,2018,4164
S08000030,All,90 years and over,2019,4330
S08000030,All,90 years and over,2020,4371
S08000030,All,90 years and over,2021,4560
S08000030,All,All ages,2017,416090
S08000030,All,All ages,2018,416080
S08000030,All,All ages,2019,417470
S08000030,All,All ages,2020,416550
S08000030,All,All ages,2021,417650
S08000030,Female,0-9 years,2017,20740
S08000030,Female,0-9 years,2018,20457
S08000030,Female,0-9 years,2019,20135
S08000030,Female,0-9 years,2020,19768
S08000030,Female,0-9 years,2021,19388
S08000030,Female,10-19 years,2017,21484
S08000030,Female,10-19 years,2018,21603
S08000030,Female,10-19 years,2019,21720
S08000030,Female,10-19 years,2020,21685
S08000030,Female,10-19 years,2021,21743
S08000030,Female,20-29 years,2017,27852
S08000030,Female,20-29 years,2018,27335
S08000030,Female,20-29 years,2019,27139
S08000030,Female,20-29 years,2020,26753
S08000030,Female,20-29 years,2021,26160
S08000030,Female,30-39 years,2017,25154
S08000030,Female,30-39 years,2018,25685
S08000030,Female,30-39 years,2019,26126
S08000030,Female,30-39 years,2020,26390
S08000030,Female,30-39 years,2021,26969
S08000030,Female,40-49 years,2017,26041
S08000030,Female,40-49 years,2018,25303
S08000030,Female,40-49 years,2019,24749
S08000030,Female,40-49 years,2020,24411
S08000030,Female,40-49 years,2021,24390
S08000030,Female,50-59 years,2017,30768
S08000030,Female,50-59 years,2018,30947
S08000030,Female,50-59 years,2019,31022
S08000030,Female,50-59 years,2020,30777
S08000030,Female,50-59 years,2021,30711
S08000030,Female,60-69 years,2017,26294
S08000030,Female,60-69 years,2018,26216
S08000030,Female,60-69 years,2019,26446
S08000030,Female,60-69 years,2020,26719
S08000030,Female,60-69 years,2021,27368
S08000030,Female,70-79 years,2017,20517
S08000030,Female,70-79 years,2018,21067
S08000030,Female,70-79 years,2019,21568
S08000030,Female,70-79 years,2020,22005
S08000030,Female,70-79 years,2021,22447
S08000030,Female,80-89 years,2017,11729
S08000030,Female,80-89 years,2018,11857
S08000030,Female,80-89 years,2019,11951
S08000030,Female,80-89 years,2020,11933
S08000030,Female,80-89 years,2021,11913
S08000030,Female,90 years and over,2017,2944
S08000030,Female,90 years and over,2018,2924
S08000030,Female,90 years and over,2019,3033
S08000030,Female,90 years and over,2020,3014
S08000030,Female,90 years and over,2021,3091
S08000030,Female,All ages,2017,213523
S08000030,Female,All ages,2018,213394
S08000030,Female,All ages,2019,213889
S08000030,Female,All ages,2020,213455
S08000030,Female,All ages,2021,214180
S08000030,Male,0-9 years,2017,21927
S08000030,Male,0-9 years,2018,21661
S08000030,Male,0-9 years,2019,21401
S08000030,Male,0-9 years,2020,21137
S08000030,Male,0-9 years,2021,20649
S08000030,Male,10-19 years,2017,22469
S08000030,Male,10-19 years,2018,22344
S08000030,Male,10-19 years,2019,22589
S08000030,Male,10-19 years,2020,22363
S08000030,Male,10-19 years,2021,22447
S08000030,Male,20-29 years,2017,28616
S08000030,Male,20-29 years,2018,28490
S08000030,Male,20-29 years,2019,28396
S08000030,Male,20-29 years,2020,27922
S08000030,Male,20-29 years,2021,26992
S08000030,Male,30-39 years,2017,24295
S08000030,Male,30-39 years,2018,24866
S08000030,Male,30-39 years,2019,25294
S08000030,Male,30-39 years,2020,25735
S08000030,Male,30-39 years,2021,26541
S08000030,Male,40-49 years,2017,24236
S08000030,Male,40-49 years,2018,23499
S08000030,Male,40-49 years,2019,23060
S08000030,Male,40-49 years,2020,22682
S08000030,Male,40-49 years,2021,22649
S08000030,Male,50-59 years,2017,29225
S08000030,Male,50-59 years,2018,29171
S08000030,Male,50-59 years,2019,29146
S08000030,Male,50-59 years,2020,28879
S08000030,Male,50-59 years,2021,28874
S08000030,Male,60-69 years,2017,24859
S08000030,Male,60-69 years,2018,24792
S08000030,Male,60-69 years,2019,25027
S08000030,Male,60-69 years,2020,25206
S08000030,Male,60-69 years,2021,25620
S08000030,Male,70-79 years,2017,17677
S08000030,Male,70-79 years,2018,18398
S08000030,Male,70-79 years,2019,18913
S08000030,Male,70-79 years,2020,19209
S08000030,Male,70-79 years,2021,19638
S08000030,Male,80-89 years,2017,8065
S08000030,Male,80-89 years,2018,8225
S08000030,Male,80-89 years,2019,8458
S08000030,Male,80-89 years,2020,8605
S08000030,Male,80-89 years,2021,8591
S08000030,Male,90 years and over,2017,1198
S08000030,Male,90 years and over,2018,1240
S08000030,Male,90 years and over,2019,1297
S08000030,Male,90 years and over,2020,1357
S08000030,Male,90 years and over,2021,1469
S08000030,Male,All ages,2017,202567
S08000030,Male,All ages,2018,202686
S08000030,Male,All ages,2019,203581
S08000030,Male,All ages,2020,203095
S08000030,Male,All ages,2021,203470
S08000031,All,0-9 years,2017,126945
S08000031,All,0-9 years,2018,126373
S08000031,All,0-9 years,2019,125773
S08000031,All,0-9 years,2020,124304
S08000031,All,0-9 years,2021,121050
S08000031,All,10-19 years,2017,120324
S08000031,All,10-19 years,2018,120628
S08000031,All,10-19 years,2019,121249
S08000031,All,10-19 years,2020,121970
S08000031,All,10-19 years,2021,123417
S08000031,All,20-29 years,2017,186207
S08000031,All,20-29 years,2018,186217
S08000031,All,20-29 years,2019,186403
S08000031,All,20-29 years,2020,183593
S08000031,All,20-29 years,2021,179289
S08000031,All,30-39 years,2017,163801
S08000031,All,30-39 years,2018,169305
S08000031,All,30-39 years,2019,174333
S08000031,All,30-39 years,2020,178574
S08000031,All,30-39 years,2021,182751
S08000031,All,40-49 years,2017,148585
S08000031,All,40-49 years,2018,144923
S08000031,All,40-49 years,2019,142913
S08000031,All,40-49 years,2020,142258
S08000031,All,40-49 years,2021,142021
S08000031,All,50-59 years,2017,165501
S08000031,All,50-59 years,2018,166170
S08000031,All,50-59 years,2019,166019
S08000031,All,50-59 years,2020,165206
S08000031,All,50-59 years,2021,163122
S08000031,All,60-69 years,2017,122494
S08000031,All,60-69 years,2018,124049
S08000031,All,60-69 years,2019,126737
S08000031,All,60-69 years,2020,129206
S08000031,All,60-69 years,2021,132094
S08000031,All,70-79 years,2017,83237
S08000031,All,70-79 years,2018,84914
S08000031,All,70-79 years,2019,86274
S08000031,All,70-79 years,2020,87304
S08000031,All,70-79 years,2021,88570
S08000031,All,80-89 years,2017,43639
S08000031,All,80-89 years,2018,43975
S08000031,All,80-89 years,2019,44660
S08000031,All,80-89 years,2020,44076
S08000031,All,80-89 years,2021,43625
S08000031,All,90 years and over,2017,8377
S08000031,All,90 years and over,2018,8426
S08000031,All,90 years and over,2019,8759
S08000031,All,90 years and over,2020,8749
S08000031,All,90 years and over,2021,9101
S08000031,All,All ages,2017,1169110
S08000031,All,All ages,2018,1174980
S08000031,All,All ages,2019,1183120
S08000031,All,All ages,2020,1185240
S08000031,All,All ages,2021,1185040
S08000031,Female,0-9 years,2017,61993
S08000031,Female,0-9 years,2018,61658
S08000031,Female,0-9 years,2019,61392
S08000031,Female,0-9 years,2020,60612
S08000031,Female,0-9 years,2021,58886
S08000031,Female,10-19 years,2017,58832
S08000031,Female,10-19 years,2018,59114
S08000031,Female,10-19 years,2019,59171
S08000031,Female,10-19 years,2020,59620
S08000031,Female,10-19 years,2021,60307
S08000031,Female,20-29 years,2017,93253
S08000031,Female,20-29 years,2018,92800
S08000031,Female,20-29 years,2019,92653
S08000031,Female,20-29 years,2020,91002
S08000031,Female,20-29 years,2021,88559
S08000031,Female,30-39 years,2017,81820
S08000031,Female,30-39 years,2018,84282
S08000031,Female,30-39 years,2019,86511
S08000031,Female,30-39 years,2020,88114
S08000031,Female,30-39 years,2021,89826
S08000031,Female,40-49 years,2017,77265
S08000031,Female,40-49 years,2018,75117
S08000031,Female,40-49 years,2019,73707
S08000031,Female,40-49 years,2020,73182
S08000031,Female,40-49 years,2021,72721
S08000031,Female,50-59 years,2017,86509
S08000031,Female,50-59 years,2018,87054
S08000031,Female,50-59 years,2019,87202
S08000031,Female,50-59 years,2020,87040
S08000031,Female,50-59 years,2021,86253
S08000031,Female,60-69 years,2017,63785
S08000031,Female,60-69 years,2018,64729
S08000031,Female,60-69 years,2019,66217
S08000031,Female,60-69 years,2020,67662
S08000031,Female,60-69 years,2021,69477
S08000031,Female,70-79 years,2017,46111
S08000031,Female,70-79 years,2018,46864
S08000031,Female,70-79 years,2019,47421
S08000031,Female,70-79 years,2020,47786
S08000031,Female,70-79 years,2021,48291
S08000031,Female,80-89 years,2017,27491
S08000031,Female,80-89 years,2018,27575
S08000031,Female,80-89 years,2019,27919
S08000031,Female,80-89 years,2020,27512
S08000031,Female,80-89 years,2021,27130
S08000031,Female,90 years and over,2017,6024
S08000031,Female,90 years and over,2018,6030
S08000031,Female,90 years and over,2019,6233
S08000031,Female,90 years and over,2020,6190
S08000031,Female,90 years and over,2021,6428
S08000031,Female,All ages,2017,603083
S08000031,Female,All ages,2018,605223
S08000031,Female,All ages,2019,608426
S08000031,Female,All ages,2020,608720
S08000031,Female,All ages,2021,607878
S08000031,Male,0-9 years,2017,64952
S08000031,Male,0-9 years,2018,64715
S08000031,Male,0-9 years,2019,64381
S08000031,Male,0-9 years,2020,63692
S08000031,Male,0-9 years,2021,62164
S08000031,Male,10-19 years,2017,61492
S08000031,Male,10-19 years,2018,61514
S08000031,Male,10-19 years,2019,62078
S08000031,Male,10-19 years,2020,62350
S08000031,Male,10-19 years,2021,63110
S08000031,Male,20-29 years,2017,92954
S08000031,Male,20-29 years,2018,93417
S08000031,Male,20-29 years,2019,93750
S08000031,Male,20-29 years,2020,92591
S08000031,Male,20-29 years,2021,90730
S08000031,Male,30-39 years,2017,81981
S08000031,Male,30-39 years,2018,85023
S08000031,Male,30-39 years,2019,87822
S08000031,Male,30-39 years,2020,90460
S08000031,Male,30-39 years,2021,92925
S08000031,Male,40-49 years,2017,71320
S08000031,Male,40-49 years,2018,69806
S08000031,Male,40-49 years,2019,69206
S08000031,Male,40-49 years,2020,69076
S08000031,Male,40-49 years,2021,69300
S08000031,Male,50-59 years,2017,78992
S08000031,Male,50-59 years,2018,79116
S08000031,Male,50-59 years,2019,78817
S08000031,Male,50-59 years,2020,78166
S08000031,Male,50-59 years,2021,76869
S08000031,Male,60-69 years,2017,58709
S08000031,Male,60-69 years,2018,59320
S08000031,Male,60-69 years,2019,60520
S08000031,Male,60-69 years,2020,61544
S08000031,Male,60-69 years,2021,62617
S08000031,Male,70-79 years,2017,37126
S08000031,Male,70-79 years,2018,38050
S08000031,Male,70-79 years,2019,38853
S08000031,Male,70-79 years,2020,39518
S08000031,Male,70-79 years,2021,40279
S08000031,Male,80-89 years,2017,16148
S08000031,Male,80-89 years,2018,16400
S08000031,Male,80-89 years,2019,16741
S08000031,Male,80-89 years,2020,16564
S08000031,Male,80-89 years,2021,16495
S08000031,Male,90 years and over,2017,2353
S08000031,Male,90 years and over,2018,2396
S08000031,Male,90 years and over,2019,2526
S08000031,Male,90 years and over,2020,2559
S08000031,Male,90 years and over,2021,2673
S08000031,Male,All ages,2017,566027
S08000031,Male,All ages,2018,569757
S08000031,Male,All ages,2019,574694
S08000031,Male,All ages,2020,576520
S08000031,Male,All ages,2021,577162
S08000032,All,0-9 years,2017,74057
S08000032,All,0-9 years,2018,73275
S08000032,All,0-9 years,2019,72591
S08000032,All,0-9 years,2020,71745
S08000032,All,0-9 years,2021,70646
S08000032,All,10-19 years,2017,73955
S08000032,All,10-19 years,2018,74234
S08000032,All,10-19 years,2019,74460
S08000032,All,10-19 years,2020,74653
S08000032,All,10-19 years,2021,75530
S08000032,All,20-29 years,2017,78217
S08000032,All,20-29 years,2018,77663
S08000032,All,20-29 years,2019,78077
S08000032,All,20-29 years,2020,77868
S08000032,All,20-29 years,2021,77641
S08000032,All,30-39 years,2017,82238
S08000032,All,30-39 years,2018,83135
S08000032,All,30-39 years,2019,83500
S08000032,All,30-39 years,2020,82927
S08000032,All,30-39 years,2021,83448
S08000032,All,40-49 years,2017,91294
S08000032,All,40-49 years,2018,88773
S08000032,All,40-49 years,2019,87000
S08000032,All,40-49 years,2020,85883
S08000032,All,40-49 years,2021,85388
S08000032,All,50-59 years,2017,99682
S08000032,All,50-59 years,2018,100747
S08000032,All,50-59 years,2019,101464
S08000032,All,50-59 years,2020,101479
S08000032,All,50-59 years,2021,101256
S08000032,All,60-69 years,2017,77572
S08000032,All,60-69 years,2018,78310
S08000032,All,60-69 years,2019,79551
S08000032,All,60-69 years,2020,81025
S08000032,All,60-69 years,2021,82767
S08000032,All,70-79 years,2017,52777
S08000032,All,70-79 years,2018,54139
S08000032,All,70-79 years,2019,55527
S08000032,All,70-79 years,2020,56433
S08000032,All,70-79 years,2021,57349
S08000032,All,80-89 years,2017,24326
S08000032,All,80-89 years,2018,24867
S08000032,All,80-89 years,2019,25475
S08000032,All,80-89 years,2020,25683
S08000032,All,80-89 years,2021,25607
S08000032,All,90 years and over,2017,4012
S08000032,All,90 years and over,2018,4057
S08000032,All,90 years and over,2019,4255
S08000032,All,90 years and over,2020,4264
S08000032,All,90 years and over,2021,4398
S08000032,All,All ages,2017,658130
S08000032,All,All ages,2018,659200
S08000032,All,All ages,2019,661900
S08000032,All,All ages,2020,661960
S08000032,All,All ages,2021,664030
S08000032,Female,0-9 years,2017,36112
S08000032,Female,0-9 years,2018,35689
S08000032,Female,0-9 years,2019,35305
S08000032,Female,0-9 years,2020,34919
S08000032,Female,0-9 years,2021,34355
S08000032,Female,10-19 years,2017,36268
S08000032,Female,10-19 years,2018,36324
S08000032,Female,10-19 years,2019,36602
S08000032,Female,10-19 years,2020,36780
S08000032,Female,10-19 years,2021,37184
S08000032,Female,20-29 years,2017,38690
S08000032,Female,20-29 years,2018,38420
S08000032,Female,20-29 years,2019,38477
S08000032,Female,20-29 years,2020,38291
S08000032,Female,20-29 years,2021,38121
S08000032,Female,30-39 years,2017,42958
S08000032,Female,30-39 years,2018,43225
S08000032,Female,30-39 years,2019,43463
S08000032,Female,30-39 years,2020,43162
S08000032,Female,30-39 years,2021,43260
S08000032,Female,40-49 years,2017,46960
S08000032,Female,40-49 years,2018,45777
S08000032,Female,40-49 years,2019,44847
S08000032,Female,40-49 years,2020,44187
S08000032,Female,40-49 years,2021,43873
S08000032,Female,50-59 years,2017,51554
S08000032,Female,50-59 years,2018,52140
S08000032,Female,50-59 years,2019,52473
S08000032,Female,50-59 years,2020,52587
S08000032,Female,50-59 years,2021,52584
S08000032,Female,60-69 years,2017,40572
S08000032,Female,60-69 years,2018,41032
S08000032,Female,60-69 years,2019,41736
S08000032,Female,60-69 years,2020,42550
S08000032,Female,60-69 years,2021,43418
S08000032,Female,70-79 years,2017,28852
S08000032,Female,70-79 years,2018,29501
S08000032,Female,70-79 years,2019,30136
S08000032,Female,70-79 years,2020,30561
S08000032,Female,70-79 years,2021,30996
S08000032,Female,80-89 years,2017,15046
S08000032,Female,80-89 years,2018,15211
S08000032,Female,80-89 years,2019,15488
S08000032,Female,80-89 years,2020,15566
S08000032,Female,80-89 years,2021,15485
S08000032,Female,90 years and over,2017,2844
S08000032,Female,90 years and over,2018,2859
S08000032,Female,90 years and over,2019,2977
S08000032,Female,90 years and over,2020,2961
S08000032,Female,90 years and over,2021,3063
S08000032,Female,All ages,2017,339856
S08000032,Female,All ages,2018,340178
S08000032,Female,All ages,2019,341504
S08000032,Female,All ages,2020,341564
S08000032,Female,All ages,2021,342339
S08000032,Male,0-9 years,2017,37945
S08000032,Male,0-9 years,2018,37586
S08000032,Male,0-9 years,2019,37286
S08000032,Male,0-9 years,2020,36826
S08000032,Male,0-9 years,2021,36291
S08000032,Male,10-19 years,2017,37687
S08000032,Male,10-19 years,2018,37910
S08000032,Male,10-19 years,2019,37858
S08000032,Male,10-19 years,2020,37873
S08000032,Male,10-19 years,2021,38346
S08000032,Male,20-29 years,2017,39527
S08000032,Male,20-29 years,2018,39243
S08000032,Male,20-29 years,2019,39600
S08000032,Male,20-29 years,2020,39577
S08000032,Male,20-29 years,2021,39520
S08000032,Male,30-39 years,2017,39280
S08000032,Male,30-39 years,2018,39910
S08000032,Male,30-39 years,2019,40037
S08000032,Male,30-39 years,2020,39765
S08000032,Male,30-39 years,2021,40188
S08000032,Male,40-49 years,2017,44334
S08000032,Male,40-49 years,2018,42996
S08000032,Male,40-49 years,2019,42153
S08000032,Male,40-49 years,2020,41696
S08000032,Male,40-49 years,2021,41515
S08000032,Male,50-59 years,2017,48128
S08000032,Male,50-59 years,2018,48607
S08000032,Male,50-59 years,2019,48991
S08000032,Male,50-59 years,2020,48892
S08000032,Male,50-59 years,2021,48672
S08000032,Male,60-69 years,2017,37000
S08000032,Male,60-69 years,2018,37278
S08000032,Male,60-69 years,2019,37815
S08000032,Male,60-69 years,2020,38475
S08000032,Male,60-69 years,2021,39349
S08000032,Male,70-79 years,2017,23925
S08000032,Male,70-79 years,2018,24638
S08000032,Male,70-79 years,2019,25391
S08000032,Male,70-79 years,2020,25872
S08000032,Male,70-79 years,2021,26353
S08000032,Male,80-89 years,2017,9280
S08000032,Male,80-89 years,2018,9656
S08000032,Male,80-89 years,2019,9987
S08000032,Male,80-89 years,2020,10117
S08000032,Male,80-89 years,2021,10122
S08000032,Male,90 years and over,2017,1168
S08000032,Male,90 years and over,2018,1198
S08000032,Male,90 years and over,2019,1278
S08000032,Male,90 years and over,2020,1303
S08000032,Male,90 years and over,2021,1335
S08000032,Male,All ages,2017,318274
S08000032,Male,All ages,2018,319022
S08000032,Male,All ages,2019,320396
S08000032,Male,All ages,2020,320396
S08000032,Male,All ages,2021,321691
S92000003,All,0-9 years,2017,584057
S92000003,All,0-9 years,2018,577951
S92000003,All,0-9 years,2019,571031
S92000003,All,0-9 years,2020,561709
S92000003,All,0-9 years,2021,549164
S92000003,All,10-19 years,2017,570137
S92000003,All,10-19 years,2018,572354
S92000003,All,10-19 years,2019,576632
S92000003,All,10-19 years,2020,580201
S92000003,All,10-19 years,2021,588196
S92000003,All,20-29 years,2017,738857
S92000003,All,20-29 years,2018,732964
S92000003,All,20-29 years,2019,729711
S92000003,All,20-29 years,2020,718959
S92000003,All,20-29 years,2021,702696
S92000003,All,30-39 years,2017,694133
S92000003,All,30-39 years,2018,709255
S92000003,All,30-39 years,2019,721985
S92000003,All,30-39 years,2020,729735
S92000003,All,30-39 years,2021,743307
S92000003,All,40-49 years,2017,710103
S92000003,All,40-49 years,2018,691809
S92000003,All,40-49 years,2019,680890
S92000003,All,40-49 years,2020,674290
S92000003,All,40-49 years,2021,670849
S92000003,All,50-59 years,2017,785935
S92000003,All,50-59 years,2018,791347
S92000003,All,50-59 years,2019,794213
S92000003,All,50-59 years,2020,792457
S92000003,All,50-59 years,2021,791201
S92000003,All,60-69 years,2017,634077
S92000003,All,60-69 years,2018,636719
S92000003,All,60-69 years,2019,644137
S92000003,All,60-69 years,2020,653002
S92000003,All,60-69 years,2021,666050
S92000003,All,70-79 years,2017,447792
S92000003,All,70-79 years,2018,462067
S92000003,All,70-79 years,2019,474807
S92000003,All,70-79 years,2020,484040
S92000003,All,70-79 years,2021,494453
S92000003,All,80-89 years,2017,217984
S92000003,All,80-89 years,2018,221707
S92000003,All,80-89 years,2019,226236
S92000003,All,80-89 years,2020,227858
S92000003,All,80-89 years,2021,228663
S92000003,All,90 years and over,2017,41725
S92000003,All,90 years and over,2018,41927
S92000003,All,90 years and over,2019,43658
S92000003,All,90 years and over,2020,43749
S92000003,All,90 years and over,2021,45321
S92000003,All,All ages,2017,5424800
S92000003,All,All ages,2018,5438100
S92000003,All,All ages,2019,5463300
S92000003,All,All ages,2020,5466000
S92000003,All,All ages,2021,5479900
S92000003,Female,0-9 years,2017,284817
S92000003,Female,0-9 years,2018,281526
S92000003,Female,0-9 years,2019,277752
S92000003,Female,0-9 years,2020,272903
S92000003,Female,0-9 years,2021,266821
S92000003,Female,10-19 years,2017,278383
S92000003,Female,10-19 years,2018,279683
S92000003,Female,10-19 years,2019,281973
S92000003,Female,10-19 years,2020,284119
S92000003,Female,10-19 years,2021,287822
S92000003,Female,20-29 years,2017,369344
S92000003,Female,20-29 years,2018,365145
S92000003,Female,20-29 years,2019,362500
S92000003,Female,20-29 years,2020,356518
S92000003,Female,20-29 years,2021,348035
S92000003,Female,30-39 years,2017,353417
S92000003,Female,30-39 years,2018,360565
S92000003,Female,30-39 years,2019,366726
S92000003,Female,30-39 years,2020,370019
S92000003,Female,30-39 years,2021,376119
S92000003,Female,40-49 years,2017,365170
S92000003,Female,40-49 years,2018,355673
S92000003,Female,40-49 years,2019,349288
S92000003,Female,40-49 years,2020,345328
S92000003,Female,40-49 years,2021,342863
S92000003,Female,50-59 years,2017,403950
S92000003,Female,50-59 years,2018,407426
S92000003,Female,50-59 years,2019,409498
S92000003,Female,50-59 years,2020,409754
S92000003,Female,50-59 years,2021,410277
S92000003,Female,60-69 years,2017,326766
S92000003,Female,60-69 years,2018,328462
S92000003,Female,60-69 years,2019,332825
S92000003,Female,60-69 years,2020,337772
S92000003,Female,60-69 years,2021,344835
S92000003,Female,70-79 years,2017,241828
S92000003,Female,70-79 years,2018,248671
S92000003,Female,70-79 years,2019,254582
S92000003,Female,70-79 years,2020,258924
S92000003,Female,70-79 years,2021,264006
S92000003,Female,80-89 years,2017,131488
S92000003,Female,80-89 years,2018,132891
S92000003,Female,80-89 years,2019,134906
S92000003,Female,80-89 years,2020,135361
S92000003,Female,80-89 years,2021,135660
S92000003,Female,90 years and over,2017,29337
S92000003,Female,90 years and over,2018,29307
S92000003,Female,90 years and over,2019,30247
S92000003,Female,90 years and over,2020,30090
S92000003,Female,90 years and over,2021,30900
S92000003,Female,All ages,2017,2784500
S92000003,Female,All ages,2018,2789349
S92000003,Female,All ages,2019,2800297
S92000003,Female,All ages,2020,2800788
S92000003,Female,All ages,2021,2807338
S92000003,Male,0-9 years,2017,299240
S92000003,Male,0-9 years,2018,296425
S92000003,Male,0-9 years,2019,293279
S92000003,Male,0-9 years,2020,288806
S92000003,Male,0-9 years,2021,282343
S92000003,Male,10-19 years,2017,291754
S92000003,Male,10-19 years,2018,292671
S92000003,Male,10-19 years,2019,294659
S92000003,Male,10-19 years,2020,296082
S92000003,Male,10-19 years,2021,300374
S92000003,Male,20-29 years,2017,369513
S92000003,Male,20-29 years,2018,367819
S92000003,Male,20-29 years,2019,367211
S92000003,Male,20-29 years,2020,362441
S92000003,Male,20-29 years,2021,354661
S92000003,Male,30-39 years,2017,340716
S92000003,Male,30-39 years,2018,348690
S92000003,Male,30-39 years,2019,355259
S92000003,Male,30-39 years,2020,359716
S92000003,Male,30-39 years,2021,367188
S92000003,Male,40-49 years,2017,344933
S92000003,Male,40-49 years,2018,336136
S92000003,Male,40-49 years,2019,331602
S92000003,Male,40-49 years,2020,328962
S92000003,Male,40-49 years,2021,327986
S92000003,Male,50-59 years,2017,381985
S92000003,Male,50-59 years,2018,383921
S92000003,Male,50-59 years,2019,384715
S92000003,Male,50-59 years,2020,382703
S92000003,Male,50-59 years,2021,380924
S92000003,Male,60-69 years,2017,307311
S92000003,Male,60-69 years,2018,308257
S92000003,Male,60-69 years,2019,311312
S92000003,Male,60-69 years,2020,315230
S92000003,Male,60-69 years,2021,321215
S92000003,Male,70-79 years,2017,205964
S92000003,Male,70-79 years,2018,213396
S92000003,Male,70-79 years,2019,220225
S92000003,Male,70-79 years,2020,225116
S92000003,Male,70-79 years,2021,230447
S92000003,Male,80-89 years,2017,86496
S92000003,Male,80-89 years,2018,88816
S92000003,Male,80-89 years,2019,91330
S92000003,Male,80-89 years,2020,92497
S92000003,Male,80-89 years,2021,93003
S92000003,Male,90 years and over,2017,12388
S92000003,Male,90 years and over,2018,12620
S92000003,Male,90 years and over,2019,13411
S92000003,Male,90 years and over,2020,13659
S92000003,Male,90 years and over,2021,14421
S92000003,Male,All ages,2017,2640300
S92000003,Male,All ages,2018,2648751
S92000003,Male,All ages,2019,2663003
S92000003,Male,All ages,2020,2665212
S92000003,Male,All ages,2021,2672562
